Time,URL,Response
"4/23/26, 12:50 PM",https://dienmayelc.com.vn/san-pham/may-lanh-ap-tran/may-lanh-ap-tran-daikin-inverter-25hp-1-pha--fha60cvmv-rza60dv2v-brc1h63w,Not found (404)
"4/23/26, 12:14 PM",https://dienmayelc.com.vn/san-pham/may-lanh-ap-tran/may-lanh-ap-tran-daikin-inverter-4hp-1-pha--fha100cvmv-rza100dv1-brc1h63w,Not found (404)
"4/23/26, 11:45 AM",https://dienmayelc.com.vn/san-pham/may-lanh-treo-tuong/may-lanh-treo-tuong-daikin-3hp---mot-chieu-inverter-ftkf71zvmv-rkf71zvmv,Not found (404)
"4/23/26, 11:15 AM",https://dienmayelc.com.vn/san-pham/may-lanh-ap-tran/may-lanh-ap-tran-daikin-inverter-2hp-1-pha--fha50cvmv-rza50dv2v-brc1h63w,Not found (404)
"4/23/26, 10:45 AM",https://dienmayelc.com.vn/san-pham/may-lanh-ap-tran/may-lanh-ap-tran-daikin-inverter-3hp-1-pha--fha71cvmv-rza71dv1-brc1h63w,Not found (404)
"4/23/26, 10:31 AM",https://dienmayelc.com.vn/wp-content/uploads/2023/06/27FBA125V-220x220.png,Not found (404)
"4/23/26, 10:30 AM",https://dienmayelc.com.vn/tu-mat,Not found (404)
"4/23/26, 10:30 AM",https://dienmayelc.com.vn/van-tiet-luu-dieu-hoa-la-gi,Not found (404)
"4/23/26, 10:27 AM",https://dienmayelc.com.vn/san-pham/tu-dong-alaska-500-lit-bcd-5068n,Not found (404)
"4/23/26, 10:20 AM",https://dienmayelc.com.vn/wp-content/uploads/2024/02/DONG-HANH-CUNG-BAN-TAO-DUNG-KHONG-GIAN-TRONG-LANH-2-4.png,Not found (404)
"4/23/26, 10:20 AM",https://dienmayelc.com.vn/og-image.png,Not found (404)
"4/23/26, 10:20 AM",https://dienmayelc.com.vn/logo.png,Not found (404)
"4/23/26, 10:20 AM",https://dienmayelc.com.vn/apple-touch-icon.png,Not found (404)
"4/23/26, 10:15 AM",https://dienmayelc.com.vn/danh-muc/he-thong-dieu-hoa-khong-khi/page/5?swoof=1&hang_sx=daikin&really_curr_tax=86-product_cat,Not found (404)
"4/23/26, 10:03 AM",https://dienmayelc.com.vn/san-pham/may-giat-samsung-inverter-9-kg-ww90tp54dsb-sv,Not found (404)
"4/23/26, 9:52 AM",https://dienmayelc.com.vn/cong-nghe-nanoe-g-la-gi-tam-anh-huong-trong-thoi-dai-5-0,Not found (404)
"4/23/26, 9:46 AM",https://dienmayelc.com.vn/wp-content/uploads/2023/03/6-6-100x100.png,Not found (404)
"4/23/26, 9:40 AM",https://dienmayelc.com.vn/he-thong-cap-gio-tuoi-menred-giai-phap-huu-ich-cho-bao-ve-moi-truong-va-giam-khi-nha-kinh,Not found (404)
"4/23/26, 9:29 AM",https://dienmayelc.com.vn/quy-trinh-thao-dieu-hoa-don-gian-tai-nha-ma-ai-cung-co-the-lam,Not found (404)
"4/23/26, 9:17 AM",https://dienmayelc.com.vn/san-pham/tu-mat-alaska-550-lit-lc-933c,Not found (404)
"4/23/26, 9:08 AM",https://dienmayelc.com.vn/wp-content/uploads/2023/12/unnamed-1-100x100.webp,Not found (404)
"4/23/26, 9:05 AM",https://dienmayelc.com.vn/may-giat,Not found (404)
"4/23/26, 8:54 AM",https://dienmayelc.com.vn/chung-cu-khang-gia-nghiem-thu-hoan-thanh,Not found (404)
"4/23/26, 8:42 AM",https://dienmayelc.com.vn/san-pham/tu-dong-sanaky-175-lit-vh-225a2,Not found (404)
"4/23/26, 8:31 AM",https://dienmayelc.com.vn/dau-hieu-nhan-biet-co-can-ve-sinh-cuc-nong-may-lanh-khong,Not found (404)
"4/23/26, 8:31 AM",https://dienmayelc.com.vn/wp-content/uploads/2023/08/tu-dong-sanaky-vh-568hy2-1_1-687x400.jpg,Not found (404)
"4/23/26, 8:19 AM",https://dienmayelc.com.vn/san-pham/tu-dong-alaska-372-lit-bcd-5568c,Not found (404)
"4/23/26, 8:09 AM",https://dienmayelc.com.vn/san-pham/tu-lanh-panasonic-inverter-306-lit-nr-tv341vgmv,Not found (404)
"4/23/26, 8:03 AM",https://dienmayelc.com.vn/huong-dan-su-dung-remote-may-lanh-lg?gad_source=1&gad_campaignid=22661772632&gclid=CjwKCAjw1ozEBhAdEiwAn9qbzdtJoskCPhe0G4v-3DCRTdC4qlbt3qQqYC0RmgCHayYV3bXb3P5TbRoCopUQAvD_BwE,Not found (404)
"4/23/26, 7:50 AM",https://dienmayelc.com.vn/san-pham/may-loc-khong-khi/may-cap-khi-tuoi-loc-khong-khi-cong-suat-cao/may-loc-va-cap-khi-tuoi-thu-hoi-nhiet-net5000-net5000,Not found (404)
"4/23/26, 7:45 AM",https://dienmayelc.com.vn/san-pham/may-say-panasonic-8-kg-nh-e80ja1wvt,Not found (404)
"4/23/26, 7:41 AM",https://dienmayelc.com.vn/san-pham/may-lanh-daikin-3-0hp-loai-thuong-thai-lan,Not found (404)
"4/23/26, 7:20 AM",https://dienmayelc.com.vn/san-pham/may-giat-sharp-11-kg-es-w110hv-s,Not found (404)
"4/23/26, 7:09 AM",https://dienmayelc.com.vn/wp-content/uploads/2023/08/unnamed-2-10.webp,Not found (404)
"4/23/26, 6:55 AM",https://dienmayelc.com.vn/san-pham/may-say-thong-hoi-electrolux-8-5-kg-eds854j3wb,Not found (404)
"4/23/26, 6:37 AM",https://dienmayelc.com.vn/vi-tri-ong-thoat-nuoc-may-lanh-cach-chon-giup-bao-ve-suc-khoe,Not found (404)
"4/23/26, 6:31 AM",https://dienmayelc.com.vn/wp-content/uploads/2023/06/13-220x220.png,Not found (404)
"4/23/26, 6:30 AM",https://dienmayelc.com.vn/he-thong-cap-gio-tuoi-2-chieu-cho-khu-xu-ly-rac-thai,Not found (404)
"4/23/26, 6:00 AM","https://dienmayelc.com.vn/danh-muc/he-thong-dieu-hoa-khong-khi/may-lanh-am-tran?utm_source=Search&utm_medium=ELC_Search_Hcm,%C4%90N,BD_Ngocy_06.09.2025_01_01&utm_campaign=Hcm,%C4%90N,BD",Not found (404)
"4/23/26, 5:54 AM",https://dienmayelc.com.vn/thiet-ke-cung-cap-thi-cong-lap-dat/cap-khi-tuoi,Not found (404)
"4/23/26, 5:08 AM",https://dienmayelc.com.vn/wp-content/uploads/2023/08/unnamed-2-11-100x100.webp,Not found (404)
"4/23/26, 5:00 AM",https://dienmayelc.com.vn/may-lanh-toshiba-chop-den-lien-tuc,Not found (404)
"4/23/26, 4:39 AM",https://dienmayelc.com.vn/thiet-ke-he-thong-dhkk-vrv-giau-tran-noi-ong-gio-he-thong-loc-cap-khi-tuoi-hoi-nhiet-quan-karaoke-cao-cap-quan-7-tp-hcm,Not found (404)
"4/23/26, 4:31 AM",https://dienmayelc.com.vn/wp-content/uploads/2023/11/unnamed-4-100x100.webp,Not found (404)
"4/23/26, 3:45 AM",https://dienmayelc.com.vn/chai-xit-ve-sinh-may-lanh-co-tot-khong,Not found (404)
"4/23/26, 3:35 AM",https://dienmayelc.com.vn/may-lanh-gia-re-duoi-5-trieu,Not found (404)
"4/23/26, 3:22 AM",https://dienmayelc.com.vn/may-lanh-tcl-co-tot-khong,Not found (404)
"4/23/26, 3:16 AM",https://dienmayelc.com.vn/wp-content/uploads/2023/08/unnamed-8-220x220.webp,Not found (404)
"4/23/26, 2:44 AM",https://dienmayelc.com.vn/tai-sao-ve-sinh-may-lanh-xong-khong-lanh-va-cach-khac-phuc,Not found (404)
"4/23/26, 2:39 AM",https://dienmayelc.com.vn/san-pham/may-lanh/ap-tran,Not found (404)
"4/23/26, 2:38 AM",https://dienmayelc.com.vn/wp-content/uploads/2023/10/381359601_337063518885205_8224531064147406403_n.jpg,Not found (404)
"4/23/26, 2:07 AM",https://dienmayelc.com.vn/huong-dan-su-dung-dieu-khien-dieu-hoa-daikin,Not found (404)
"4/23/26, 2:07 AM",https://dienmayelc.com.vn/ma-loi-may-lanh-lg,Not found (404)
"4/23/26, 2:00 AM",https://dienmayelc.com.vn/wp-content/uploads/2023/08/unnamed-1-18-400x400.webp,Not found (404)
"4/23/26, 1:31 AM",https://dienmayelc.com.vn/san-pham/tu-dong-alaska-471-lit-bcd-6567n,Not found (404)
"4/23/26, 1:14 AM",https://dienmayelc.com.vn/san-pham/may-loc-khong-khi/may-cap-khi-tuoi-loc-khong-khi-thu-hoi-nhiet/may-loc-va-cap-khi-tuoi-thu-hoi-nhiet-n5150a-ebmpapst-n5150a-ebmpapst,Not found (404)
"4/22/26, 11:59 PM",https://dienmayelc.com.vn/he-thong-cap-gio-tuoi,Not found (404)
"4/22/26, 11:50 PM",https://dienmayelc.com.vn/san-pham/dieu-hoa-ap-tran-daikin-fhnq48mv1-rnq48my1-48000btu-3-pha,Not found (404)
"4/22/26, 10:53 PM",https://dienmayelc.com.vn/vi-tri-ong-thoat-nuoc-may-lanh-cach-chon-giup-bao-ve-suc-khoe,Not found (404)
"4/22/26, 10:35 PM",https://dienmayelc.com.vn/hoan-thien-thi-cong-lap-dat-he-thong-dhkk-kdt-soll-villas-quan-2,Not found (404)
"4/22/26, 10:15 PM",https://dienmayelc.com.vn/may-lanh-toshiba-bao-loi-04,Not found (404)
"4/22/26, 8:05 PM",https://dienmayelc.com.vn/cach-su-dung-remote-may-lanh,Not found (404)
"4/22/26, 7:54 PM",https://dienmayelc.com.vn/lap-dat-may-lanh-am-tran-samsung-inverter-5-5hp-quan-an,Not found (404)
"4/22/26, 7:50 PM",https://dienmayelc.com.vn/san-pham/dieu-hoa-treo-tuong-daikin-tieu-chuan-inverter,Not found (404)
"4/22/26, 7:43 PM",https://dienmayelc.com.vn/bao-lau-nen-ve-sinh-may-lanh-mot-lan-dau-hieu-nhan-biet-may-lanh-ban,Not found (404)
"4/22/26, 7:33 PM",https://dienmayelc.com.vn/khong-phan-loai,Not found (404)
"4/22/26, 7:15 PM",https://dienmayelc.com.vn/category/tin-tuc,Not found (404)
"4/22/26, 7:00 PM",https://dienmayelc.com.vn/may-say,Not found (404)
"4/22/26, 6:50 PM",https://dienmayelc.com.vn/san-pham/noi-chien-khong-dau-smart-plus-nagakawa-nag3303,Not found (404)
"4/22/26, 6:39 PM",https://dienmayelc.com.vn/cong-nghe-inverter-la-gi,Not found (404)
"4/22/26, 6:28 PM",https://dienmayelc.com.vn/san-pham/tu-mat-sanaky-1400-lit-vh-1520hp,Not found (404)
"4/22/26, 6:23 PM",https://dienmayelc.com.vn/uu-diem-cua-he-thong-cap-gio-tuoi-sach-menred-lua-chon-toi-uu-cho-cong-trinh-cua-ban,Not found (404)
"4/22/26, 6:18 PM",https://dienmayelc.com.vn/san-pham/tu-mat-alaska-inverter-300-lit-lc-533hi,Not found (404)
"4/22/26, 6:12 PM",https://dienmayelc.com.vn/thiet-ke-he-thong-dhkk-giau-tran-noi-ong-gio-he-thong-loc-cap-khi-tuoi-hoi-nhiet-2-chieu-nha-o-rieng-le-dinh-quan-dong-nai,Not found (404)
"4/22/26, 6:07 PM",https://dienmayelc.com.vn/dich-vu-bao-tri-may-lanh,Not found (404)
"4/22/26, 3:59 PM",https://dienmayelc.com.vn/lap-dat-may-lanh-am-tran-midea-vinh-long,Not found (404)
"4/22/26, 3:46 PM",https://dienmayelc.com.vn/cung-cap-thi-cong-may-lanh-dan-dung-va-cong-nghiep-gia-re,Not found (404)
"4/22/26, 3:40 PM",https://dienmayelc.com.vn/san-pham/dieu-hoa-giau-tran-noi-ong-gio-dakin-4hp-gia-lien-he,Not found (404)
"4/22/26, 3:34 PM",https://dienmayelc.com.vn/san-pham/tu-dong-alaska-550-lit-hb-550n,Not found (404)
"4/22/26, 3:21 PM",https://dienmayelc.com.vn/thiet-ke-he-thong-dhkk-giau-tran-noi-ong-gio-he-thong-loc-cap-khi-tuoi-hoi-nhiet-2-chieu-villa-mr-thai-binh-duong,Not found (404)
"4/22/26, 2:56 PM",https://dienmayelc.com.vn/tin-tuc/page/19,Not found (404)
"4/22/26, 2:44 PM",https://dienmayelc.com.vn/tin-tuc/page/12,Not found (404)
"4/22/26, 2:31 PM",https://dienmayelc.com.vn/san-pham/tu-mat-sanaky-200-lit-vh-258kl,Not found (404)
"4/22/26, 2:19 PM",https://dienmayelc.com.vn/san-pham/may-lanh-am-tran-daikin-inverter-2-0hp-fffc50avm,Not found (404)
"4/22/26, 2:08 PM",https://dienmayelc.com.vn/tu-van-thiet-ke-he-thong-dhkk-giau-tran-noi-ong-gio-he-thong-loc-cap-khi-tuoi-hoi-nhiet-2-chieu-cho-villa-phan-thiet,Not found (404)
"4/22/26, 2:01 PM",https://dienmayelc.com.vn/tin-tuc/page/5,Not found (404)
"4/22/26, 1:41 PM",https://dienmayelc.com.vn/177-truong-van-bang-lap-dat-he-thong-dieu-hoa,Not found (404)
"4/22/26, 1:20 PM",https://dienmayelc.com.vn/ve-chung-toi,Not found (404)
"4/22/26, 12:58 PM",https://dienmayelc.com.vn/tieu-de-kham-pha-he-thong-cap-gio-tuoi-sach-thu-hoi-nhiet-2-chieu-menred,Not found (404)
"4/22/26, 12:37 PM",https://dienmayelc.com.vn/cong-trinh-thong-loc-khong-khi-trung-tam-cho-can-ho-o-khu-do-thi-senturia-vuon-lai-an-phu-dong-q12,Not found (404)
"4/22/26, 12:16 PM",https://dienmayelc.com.vn/dieu-hoa-khong-mat,Not found (404)
"4/22/26, 11:54 AM",https://dienmayelc.com.vn/he-thong-dieu-hoa-khong-khi/may-lanh-treo-tuong,Not found (404)
"4/22/26, 11:35 AM",https://dienmayelc.com.vn/cong-trinh-thi-cong-lap-dat-he-thong-cap-gio-tuoi-thu-hoi-nhiet-cho-nha-hang-lien-hoa-binh-chanh,Not found (404)
"4/22/26, 11:17 AM",https://dienmayelc.com.vn/robot-hut-bui-2,Not found (404)
"4/22/26, 10:58 AM",https://dienmayelc.com.vn/he-thong-dieu-hoa-khong-khi/may-lanh-giau-tran-noi-ong-gio,Not found (404)
"4/22/26, 10:39 AM",https://dienmayelc.com.vn/he-thong-cap-khi-tuoi/thiet-bi-cap-khi-tuoi-phu-tro,Not found (404)
"4/22/26, 10:30 AM",https://www.dienmayelc.com.vn/cdn-cgi/l/email-protection,Not found (404)
"4/22/26, 10:20 AM",https://dienmayelc.com.vn/ve-sinh-may-lanh-dinh-ky-cho-khong-gian-tuoi-mat,Not found (404)
"4/22/26, 10:02 AM",https://dienmayelc.com.vn/cong-trinh/cong-trinh/mau/bai-viet-cong-trinh-2,Not found (404)
"4/22/26, 9:34 AM",https://dienmayelc.com.vn/wp-content/uploads/2024/02/DONG-HANH-CUNG-BAN-TAO-DUNG-KHONG-GIAN-TRONG-LANH-2-4.png,Not found (404)
"4/22/26, 9:29 AM",https://dienmayelc.com.vn/.well-known/apple-app-site-association,Not found (404)
"4/22/26, 9:24 AM",https://dienmayelc.com.vn/dien-may/dien-gia-dung/thiet-bi-nha-bep/page/2,Not found (404)
"4/22/26, 9:17 AM","https://dienmayelc.com.vn/danh-muc/he-thong-dieu-hoa-khong-khi/may-lanh-am-tran?utm_source=PMAX&utm_medium=ELC_PMAX_Hcm,%C4%90N,BD_Ngocy_06.09.2025_01_01&utm_campaign=Hcm,%C4%90N,BD",Not found (404)
"4/22/26, 8:47 AM",https://dienmayelc.com.vn/san-pham/may-giat-samsung-inverter-9-kg-ww90tp54dsb-sv,Not found (404)
"4/22/26, 8:44 AM","https://dienmayelc.com.vn/danh-muc/he-thong-dieu-hoa-khong-khi/may-lanh-am-tran?utm_source=Search&utm_medium=ELC_Search_Hcm,%C4%90N,BD_HieuHNT_24.11.2025_01_01&utm_campaign=Hcm,%C4%90N,BD",Not found (404)
"4/22/26, 8:38 AM",https://dienmayelc.com.vn/apple-app-site-association,Not found (404)
"4/22/26, 8:09 AM",https://dienmayelc.com.vn/huong-dan-su-dung-remote-may-lanh-lg?gad_source=1&gad_campaignid=22661772632&gclid=CjwKCAjw1ozEBhAdEiwAn9qbzdtJoskCPhe0G4v-3DCRTdC4qlbt3qQqYC0RmgCHayYV3bXb3P5TbRoCopUQAvD_BwE,Not found (404)
"4/22/26, 7:54 AM",https://dienmayelc.com.vn/ve-sinh-may-lanh-ap-tran-bao-dam-suc-khoe-gia-dinh,Not found (404)
"4/22/26, 7:28 AM","https://dienmayelc.com.vn/he-thong-dieu-hoa-khong-khi/san-pham-cu-da-qua-su-dung?utm_source&utm_medium=ELC__Hcm,%C4%90N,BD_Ngocy__01_01&utm_campaign=Hcm,%C4%90N,BD",Not found (404)
"4/22/26, 7:24 AM",https://dienmayelc.com.vn/dich-vu-bao-tri-bao-duong,Not found (404)
"4/22/26, 7:09 AM",https://dienmayelc.com.vn/thi-cong-he-thong-loc-cap-khi-tuoi,Not found (404)
"4/22/26, 6:54 AM",https://dienmayelc.com.vn/danh-muc/he-thong-dieu-hoa-khong-khi/page/5?swoof=1&hang_sx=daikin&really_curr_tax=86-product_cat,Not found (404)
"4/22/26, 6:39 AM",https://dienmayelc.com.vn/tu-mat,Not found (404)
"4/22/26, 6:24 AM",https://dienmayelc.com.vn/chung-cu-khang-gia-nghiem-thu-hoan-thanh,Not found (404)
"4/22/26, 6:11 AM",https://dienmayelc.com.vn/og-image.png,Not found (404)
"4/22/26, 6:09 AM",https://dienmayelc.com.vn/vi-tri-ong-thoat-nuoc-may-lanh-cach-chon-giup-bao-ve-suc-khoe,Not found (404)
"4/22/26, 6:09 AM",https://dienmayelc.com.vn/may-giat,Not found (404)
"4/22/26, 5:54 AM",https://dienmayelc.com.vn/thay-loi-loc-menred-hagisu-dien-may-elc,Not found (404)
"4/22/26, 5:42 AM",https://dienmayelc.com.vn/cong-nghe-nanoe-g-la-gi-tam-anh-huong-trong-thoi-dai-5-0,Not found (404)
"4/22/26, 5:31 AM","https://dienmayelc.com.vn/danh-muc/he-thong-dieu-hoa-khong-khi/may-lanh-am-tran?utm_source=Search&utm_medium=ELC_Search_Hcm,%C4%90N,BD_Ngocy_06.09.2025_01_01&utm_campaign=Hcm,%C4%90N,BD",Not found (404)
"4/22/26, 5:30 AM",https://dienmayelc.com.vn/san-pham/may-loc-khong-khi/may-cap-khi-tuoi-loc-khong-khi-cong-suat-cao/may-loc-va-cap-khi-tuoi-thu-hoi-nhiet-net-2000-net-2000,Not found (404)
"4/22/26, 5:29 AM",https://dienmayelc.com.vn/san-pham/tu-dong-sanaky-175-lit-vh-225a2,Not found (404)
"4/22/26, 5:29 AM",https://dienmayelc.com.vn/thiet-ke-he-thong-dhkk-giau-tran-noi-ong-gio-he-thong-loc-cap-khi-tuoi-hoi-nhiet-hai-chieu-villa-mr-vu-an-duong-vuong-q-5,Not found (404)
"4/22/26, 5:28 AM",https://dienmayelc.com.vn/he-thong-dieu-hoa-khong-khi/may-lanh-am-tran,Not found (404)
"4/22/26, 5:17 AM",https://dienmayelc.com.vn/he-thong-cap-gio-tuoi-menred-giai-phap-huu-ich-cho-bao-ve-moi-truong-va-giam-khi-nha-kinh,Not found (404)
"4/22/26, 5:04 AM",https://dienmayelc.com.vn/cong-trinh/cong-trinh/mau/bai-viet-cong-trinh,Not found (404)
"4/22/26, 5:00 AM",https://dienmayelc.com.vn/san-pham/may-lanh-am-tran-cu-daikin,Not found (404)
"4/22/26, 4:58 AM",https://dienmayelc.com.vn/he-thong-dieu-hoa-khong-khi,Not found (404)
"4/22/26, 4:58 AM",https://dienmayelc.com.vn/may-lanh-toshiba-chop-den-lien-tuc,Not found (404)
"4/22/26, 4:52 AM",https://dienmayelc.com.vn/san-pham/tu-dong-alaska-372-lit-bcd-5568c,Not found (404)
"4/22/26, 4:39 AM",https://dienmayelc.com.vn/san-pham/tu-mat-alaska-550-lit-lc-933c,Not found (404)
"4/22/26, 4:23 AM",https://dienmayelc.com.vn/may-lanh-toshiba-bao-loi-04,Not found (404)
"4/22/26, 4:19 AM",https://dienmayelc.com.vn/dich-vu-bao-tri-may-lanh,Not found (404)
"4/22/26, 4:15 AM",https://dienmayelc.com.vn/san-pham/tu-lanh-panasonic-inverter-306-lit-nr-tv341vgmv,Not found (404)
"4/22/26, 4:11 AM",https://dienmayelc.com.vn/san-pham/tu-dong-alaska-500-lit-bcd-5068n,Not found (404)
"4/22/26, 4:02 AM",https://dienmayelc.com.vn/san-pham/may-giat-sharp-11-kg-es-w110hv-s,Not found (404)
"4/22/26, 3:51 AM",https://dienmayelc.com.vn/san-pham/may-say-panasonic-8-kg-nh-e80ja1wvt,Not found (404)
"4/22/26, 3:40 AM",https://dienmayelc.com.vn/san-pham/may-say-thong-hoi-electrolux-8-5-kg-eds854j3wb,Not found (404)
"4/22/26, 3:19 AM",https://dienmayelc.com.vn/he-thong-cap-gio-tuoi-2-chieu-cho-khu-xu-ly-rac-thai,Not found (404)
"4/22/26, 3:08 AM",https://dienmayelc.com.vn/may-lanh-gia-re-duoi-5-trieu,Not found (404)
"4/22/26, 2:59 AM",https://dienmayelc.com.vn/hang_sx/daikin,Not found (404)
"4/22/26, 2:57 AM",https://dienmayelc.com.vn/san-pham/may-loc-khong-khi/may-cap-khi-tuoi-loc-khong-khi,Not found (404)
"4/22/26, 2:47 AM",https://dienmayelc.com.vn/san-pham/may-lanh,Not found (404)
"4/22/26, 2:36 AM",https://dienmayelc.com.vn/san-pham/may-loc-khong-khi,Not found (404)
"4/22/26, 2:30 AM",https://dienmayelc.com.vn/san-pham/may-loc-khong-khi/may-cap-khi-tuoi-loc-khong-khi-cong-suat-cao/may-loc-va-cap-khi-tuoi-thu-hoi-nhiet-net3000-net3000,Not found (404)
"4/22/26, 2:28 AM",https://dienmayelc.com.vn/tag/so-do-nguyen-ly-he-thong-lanh-1-cap-nen,Not found (404)
"4/22/26, 2:28 AM",https://dienmayelc.com.vn/chai-xit-ve-sinh-may-lanh-co-tot-khong,Not found (404)
"4/22/26, 2:14 AM",https://dienmayelc.com.vn/ma-loi-may-lanh-lg,Not found (404)
"4/22/26, 1:58 AM",https://dienmayelc.com.vn/san-pham/tu-dong-alaska-471-lit-bcd-6567n,Not found (404)
"4/22/26, 1:58 AM",https://dienmayelc.com.vn/san-pham/may-lanh-daikin-3-0hp-loai-thuong-thai-lan,Not found (404)
"4/21/26, 11:58 PM",https://dienmayelc.com.vn/san-pham/dieu-hoa-ap-tran-daikin-fhnq48mv1-rnq48my1-48000btu-3-pha,Not found (404)
"4/21/26, 11:58 PM",https://dienmayelc.com.vn/may-lanh-tcl-co-tot-khong,Not found (404)
"4/21/26, 10:50 PM",https://dienmayelc.com.vn/test-trang-moi,Not found (404)
"4/21/26, 10:02 PM",https://dienmayelc.com.vn/thiet-ke-he-thong-loc-cap-khi-tuoi-thu-hoi-nhiet-mrs-tham-tan-phu-tp-hcm,Not found (404)
"4/21/26, 8:45 PM","https://dienmayelc.com.vn/danh-muc/he-thong-dieu-hoa-khong-khi/may-lanh-am-tran?utm_source=Search&utm_medium=ELC_Search_Hcm,%C4%90N,BD_HieuHNT_24.11.2025_01_01&utm_campaign=Hcm,%C4%90N,BD",Not found (404)
"4/21/26, 8:17 PM",https://dienmayelc.com.vn/cong-trinh,Not found (404)
"4/21/26, 7:29 PM","https://dienmayelc.com.vn/he-thong-dieu-hoa-khong-khi/san-pham-cu-da-qua-su-dung?utm_source&utm_medium=ELC__Hcm,%C4%90N,BD_Ngocy__01_01&utm_campaign=Hcm,%C4%90N,BD",Not found (404)
"4/21/26, 5:54 PM",https://dienmayelc.com.vn/san-pham/noi-chien-khong-dau-smart-plus-nagakawa-nag3303,Not found (404)
"4/21/26, 4:19 PM",https://dienmayelc.com.vn/remote-may-lanh-khong-hien-thi-nhiet-do,Not found (404)
"4/21/26, 2:33 PM",https://dienmayelc.com.vn/chinh-sach-bao-hanh,Not found (404)
"4/21/26, 2:19 PM",https://dienmayelc.com.vn/san-pham/may-cap-gio-tuoi-thu-hoi-nang-luong-menred-et-700,Not found (404)
"4/21/26, 2:19 PM",https://dienmayelc.com.vn/apple-touch-icon.png,Not found (404)
"4/21/26, 2:19 PM",https://dienmayelc.com.vn/logo.png,Not found (404)
"4/21/26, 12:42 PM",https://dienmayelc.com.vn/kich-thuoc-may-lanh,Not found (404)
"4/21/26, 12:12 PM",https://dienmayelc.com.vn/he-thong-dieu-hoa-khong-khi/san-pham-cu-da-qua-su-dung,Not found (404)
"4/21/26, 12:04 PM",https://dienmayelc.com.vn/177-truong-van-bang-lap-dat-he-thong-dieu-hoa,Not found (404)
"4/21/26, 11:51 AM",https://dienmayelc.com.vn/$,Not found (404)
"4/21/26, 11:37 AM",https://dienmayelc.com.vn/thiet-ke-he-thong-dhkk-giau-tran-noi-ong-gio-he-thong-loc-cap-khi-tuoi-hoi-nhiet-2-chieu-villa-mr-thai-binh-duong,Not found (404)
"4/21/26, 11:25 AM",https://dienmayelc.com.vn/tu-van-thiet-ke-he-thong-dhkk-giau-tran-noi-ong-gio-he-thong-loc-cap-khi-tuoi-hoi-nhiet-2-chieu-cho-villa-phan-thiet,Not found (404)
"4/21/26, 10:56 AM",https://dienmayelc.com.vn/ve-chung-toi,Not found (404)
"4/21/26, 10:42 AM",https://dienmayelc.com.vn/cong-trinh-thong-loc-khong-khi-trung-tam-cho-can-ho-o-khu-do-thi-senturia-vuon-lai-an-phu-dong-q12,Not found (404)
"4/21/26, 10:29 AM",https://dienmayelc.com.vn/&,Not found (404)
"4/21/26, 10:15 AM",https://dienmayelc.com.vn/dieu-hoa-khong-mat,Not found (404)
"4/21/26, 10:02 AM",https://dienmayelc.com.vn/he-thong-dieu-hoa-khong-khi/may-lanh-treo-tuong,Not found (404)
"4/21/26, 9:40 AM",https://dienmayelc.com.vn/robot-hut-bui-2,Not found (404)
"4/21/26, 9:08 AM",https://dienmayelc.com.vn/he-thong-dieu-hoa-khong-khi/may-lanh-giau-tran-noi-ong-gio,Not found (404)
"4/21/26, 8:57 AM",https://dienmayelc.com.vn/he-thong-cap-khi-tuoi/thiet-bi-cap-khi-tuoi-phu-tro,Not found (404)
"4/21/26, 8:49 AM","https://dienmayelc.com.vn/danh-muc/he-thong-dieu-hoa-khong-khi/may-lanh-am-tran?utm_source=PMAX&utm_medium=ELC_PMAX_Hcm,%C4%90N,BD_Ngocy_06.09.2025_01_01&utm_campaign=Hcm,%C4%90N,BD",Not found (404)
"4/21/26, 8:36 AM",https://dienmayelc.com.vn/san-pham/may-giat-samsung-inverter-9-kg-ww90tp54dsb-sv,Not found (404)
"4/21/26, 8:25 AM",https://dienmayelc.com.vn/ve-sinh-may-lanh-dinh-ky-cho-khong-gian-tuoi-mat,Not found (404)
"4/21/26, 8:14 AM",https://dienmayelc.com.vn/huong-dan-su-dung-remote-may-lanh-lg?gad_source=1&gad_campaignid=22661772632&gclid=CjwKCAjw1ozEBhAdEiwAn9qbzdtJoskCPhe0G4v-3DCRTdC4qlbt3qQqYC0RmgCHayYV3bXb3P5TbRoCopUQAvD_BwE,Not found (404)
"4/21/26, 6:17 AM",https://dienmayelc.com.vn/danh-muc/he-thong-cap-khi-tuoi/may-loc-khong-khi,Not found (404)
"4/21/26, 5:55 AM",https://dienmayelc.com.vn/dau-hieu-nhan-biet-co-can-ve-sinh-cuc-nong-may-lanh-khong,Not found (404)
"4/21/26, 5:25 AM",https://dienmayelc.com.vn/danh-muc/he-thong-dieu-hoa-khong-khi/page/5?swoof=1&hang_sx=daikin&really_curr_tax=86-product_cat,Not found (404)
"4/21/26, 4:55 AM",https://dienmayelc.com.vn/he-thong-cap-gio-tuoi-menred-giai-phap-huu-ich-cho-bao-ve-moi-truong-va-giam-khi-nha-kinh,Not found (404)
"4/21/26, 4:25 AM",https://dienmayelc.com.vn/tu-mat,Not found (404)
"4/21/26, 3:56 AM",https://dienmayelc.com.vn/cong-nghe-nanoe-g-la-gi-tam-anh-huong-trong-thoi-dai-5-0,Not found (404)
"4/21/26, 3:34 AM",https://dienmayelc.com.vn/san-pham/tu-mat-alaska-550-lit-lc-933c,Not found (404)
"4/21/26, 3:03 AM",https://dienmayelc.com.vn/vi-tri-ong-thoat-nuoc-may-lanh-cach-chon-giup-bao-ve-suc-khoe,Not found (404)
"4/21/26, 2:50 AM",https://dienmayelc.com.vn/chung-cu-khang-gia-nghiem-thu-hoan-thanh,Not found (404)
"4/21/26, 2:42 AM",https://dienmayelc.com.vn/san-pham/tu-dong-alaska-500-lit-bcd-5068n,Not found (404)
"4/21/26, 1:58 AM",https://dienmayelc.com.vn/ve-chung-toi,Not found (404)
"4/21/26, 1:49 AM",https://dienmayelc.com.vn/dia-chi-mua-ban-may-lanh-uy-tin-tai-go-vap,Not found (404)
"4/21/26, 1:39 AM",https://dienmayelc.com.vn/may-giat,Not found (404)
"4/21/26, 1:30 AM",https://dienmayelc.com.vn/san-pham/tu-dong-sanaky-175-lit-vh-225a2,Not found (404)
"4/21/26, 1:26 AM",https://dienmayelc.com.vn/search?q=%7Bsearch_term_string%7D,Not found (404)
"4/21/26, 1:21 AM",https://dienmayelc.com.vn/he-thong-vrv-daikin-menred-hagisu-quan-7,Not found (404)
"4/21/26, 1:11 AM",https://dienmayelc.com.vn/san-pham/tu-dong-alaska-372-lit-bcd-5568c,Not found (404)
"4/21/26, 1:02 AM",https://dienmayelc.com.vn/san-pham/tu-lanh-panasonic-inverter-306-lit-nr-tv341vgmv,Not found (404)
"4/21/26, 12:52 AM",https://dienmayelc.com.vn/dop-test-la-gi-va-nhung-thong-tin-ban-can-biet,Not found (404)
"4/21/26, 12:44 AM",https://dienmayelc.com.vn/san-pham/may-giat-sharp-11-kg-es-w110hv-s,Not found (404)
"4/21/26, 12:38 AM",https://dienmayelc.com.vn/he-thong-dieu-hoa-khong-khi/may-lanh-am-tran,Not found (404)
"4/21/26, 12:34 AM",https://dienmayelc.com.vn/san-pham/may-say-panasonic-8-kg-nh-e80ja1wvt,Not found (404)
"4/21/26, 12:34 AM",https://dienmayelc.com.vn/san-pham/tu-dong-alaska-471-lit-bcd-6567n,Not found (404)
"4/21/26, 12:24 AM",https://dienmayelc.com.vn/san-pham/may-loc-khong-khi/may-cap-khi-tuoi-loc-khong-khi-cong-suat-cao,Not found (404)
"4/21/26, 12:15 AM",https://dienmayelc.com.vn/san-pham/may-say-thong-hoi-electrolux-8-5-kg-eds854j3wb,Not found (404)
"4/21/26, 12:08 AM",https://dienmayelc.com.vn/huong-dan-su-dung-remote-may-lanh-toshiba,Not found (404)
"4/21/26, 12:06 AM",https://dienmayelc.com.vn/he-thong-cap-gio-tuoi-2-chieu-cho-khu-xu-ly-rac-thai,Not found (404)
"4/21/26, 12:01 AM",https://dienmayelc.com.vn/ma-loi-may-lanh-lg,Not found (404)
"4/20/26, 11:55 PM",https://dienmayelc.com.vn/san-pham/dieu-hoa-ap-tran-daikin-fhnq48mv1-rnq48my1-48000btu-3-pha,Not found (404)
"4/20/26, 11:50 PM",https://dienmayelc.com.vn/may-lanh-gia-re-duoi-5-trieu,Not found (404)
"4/20/26, 11:47 PM",https://dienmayelc.com.vn/thiet-ke-cung-cap-thi-cong-lap-dat/cap-khi-tuoi,Not found (404)
"4/20/26, 11:44 PM",https://dienmayelc.com.vn/san-pham/may-loc-khong-khi/phu-kien-dong-bo-cua-he-thong-cap-gio-tuoi,Not found (404)
"4/20/26, 11:24 PM",https://dienmayelc.com.vn/san-pham/may-lanh/ap-tran,Not found (404)
"4/20/26, 11:00 PM",https://dienmayelc.com.vn/van-tiet-luu-dieu-hoa-la-gi,Not found (404)
"4/20/26, 10:32 PM",https://dienmayelc.com.vn/thiet-ke-he-thong-dhkk-vrv-giau-tran-noi-ong-gio-he-thong-loc-cap-khi-tuoi-hoi-nhiet-quan-karaoke-cao-cap-quan-7-tp-hcm,Not found (404)
"4/20/26, 10:09 PM",https://dienmayelc.com.vn/san-pham/may-lanh/giau-tran-noi-ong-gio,Not found (404)
"4/20/26, 10:03 PM",https://dienmayelc.com.vn/san-pham/may-lanh-am-tran-cu-daikin,Not found (404)
"4/20/26, 10:02 PM",https://dienmayelc.com.vn/he-thong-dieu-hoa-khong-khi,Not found (404)
"4/20/26, 9:17 PM",https://dienmayelc.com.vn/may-lanh-tcl-co-tot-khong,Not found (404)
"4/20/26, 9:16 PM",https://dienmayelc.com.vn/hang_sx/daikin,Not found (404)
"4/20/26, 8:06 PM",https://dienmayelc.com.vn/san-pham/may-lanh-daikin-3-0hp-loai-thuong-thai-lan,Not found (404)
"4/20/26, 8:05 PM",https://dienmayelc.com.vn/wp-content/uploads/2023/06/cach-ve-sinh-dieu-hoa-21-570x400.jpg,Not found (404)
"4/20/26, 8:02 PM",https://dienmayelc.com.vn/huong-dan-su-dung-dieu-khien-dieu-hoa-daikin,Not found (404)
"4/20/26, 7:31 PM",https://dienmayelc.com.vn/og-image.png,Not found (404)
"4/20/26, 7:31 PM",https://dienmayelc.com.vn/logo.png,Not found (404)
"4/20/26, 7:31 PM",https://dienmayelc.com.vn/apple-touch-icon.png,Not found (404)
"4/20/26, 7:31 PM",https://dienmayelc.com.vn/wp-content/uploads/2024/02/DONG-HANH-CUNG-BAN-TAO-DUNG-KHONG-GIAN-TRONG-LANH-2-4.png,Not found (404)
"4/20/26, 7:11 PM",https://dienmayelc.com.vn/dich-vu-bao-tri-bao-duong,Not found (404)
"4/20/26, 6:19 PM",https://dienmayelc.com.vn/danh-muc/he-thong-cap-khi-tuoi/may-loc-khong-khi,Not found (404)
"4/20/26, 4:16 PM",https://dienmayelc.com.vn/san-pham/noi-chien-khong-dau-smart-plus-nagakawa-nag3303,Not found (404)
"4/20/26, 3:39 PM",https://dienmayelc.com.vn/san-pham/dieu-hoa-treo-tuong-daikin-tieu-chuan-inverter,Not found (404)
"4/20/26, 3:38 PM",https://dienmayelc.com.vn/tin-tuc/page/5,Not found (404)
"4/20/26, 3:01 PM",https://dienmayelc.com.vn/thiet-ke-cung-cap-thi-cong-lap-dat/page/4,Not found (404)
"4/20/26, 3:01 PM",https://dienmayelc.com.vn/ve-sinh-may-lanh-ap-tran-bao-dam-suc-khoe-gia-dinh,Not found (404)
"4/20/26, 1:04 PM",https://dienmayelc.com.vn/cach-su-dung-dieu-khien-dieu-hoa-gree,Not found (404)
"4/20/26, 11:41 AM",https://dienmayelc.com.vn/san-pham/may-loc-khong-khi/may-cap-khi-tuoi-loc-khong-khi-khu-nom,Not found (404)
"4/20/26, 9:12 AM",https://dienmayelc.com.vn/cong-trinh-thong-loc-khong-khi-trung-tam-cho-can-ho-o-khu-do-thi-senturia-vuon-lai-an-phu-dong-q12,Not found (404)
"4/20/26, 8:49 AM",https://dienmayelc.com.vn/dieu-hoa-khong-mat,Not found (404)
"4/20/26, 8:41 AM",https://dienmayelc.com.vn/may-lanh-am-tran-noi-ong-gio,Not found (404)
"4/20/26, 8:28 AM",https://dienmayelc.com.vn/thiet-ke-he-thong-dhkk-giau-tran-noi-ong-gio-he-thong-loc-cap-khi-tuoi-hoi-nhiet-2-chieu-villa-mr-thai-binh-duong,Not found (404)
"4/20/26, 8:07 AM",https://dienmayelc.com.vn/he-thong-dieu-hoa-khong-khi/may-lanh-treo-tuong,Not found (404)
"4/20/26, 7:45 AM",https://dienmayelc.com.vn/robot-hut-bui-2,Not found (404)
"4/20/26, 7:24 AM",https://dienmayelc.com.vn/he-thong-dieu-hoa-khong-khi/may-lanh-giau-tran-noi-ong-gio,Not found (404)
"4/20/26, 7:02 AM",https://dienmayelc.com.vn/huong-dan-su-dung-remote-may-lanh-lg?gad_source=1&gad_campaignid=22661772632&gclid=CjwKCAjw1ozEBhAdEiwAn9qbzdtJoskCPhe0G4v-3DCRTdC4qlbt3qQqYC0RmgCHayYV3bXb3P5TbRoCopUQAvD_BwE,Not found (404)
"4/20/26, 6:51 AM",https://dienmayelc.com.vn/he-thong-cap-khi-tuoi/thiet-bi-cap-khi-tuoi-phu-tro,Not found (404)
"4/20/26, 6:39 AM",https://dienmayelc.com.vn/ve-sinh-may-lanh-dinh-ky-cho-khong-gian-tuoi-mat,Not found (404)
"4/20/26, 6:28 AM",https://dienmayelc.com.vn/cdn-cgi/l/email-protection,Not found (404)
"4/20/26, 6:28 AM",https://dienmayelc.com.vn/logo.png,Not found (404)
"4/20/26, 6:28 AM",https://dienmayelc.com.vn/wp-content/uploads/2024/02/DONG-HANH-CUNG-BAN-TAO-DUNG-KHONG-GIAN-TRONG-LANH-2-4.png,Not found (404)
"4/20/26, 6:28 AM",https://dienmayelc.com.vn/apple-touch-icon.png,Not found (404)
"4/20/26, 6:28 AM",https://dienmayelc.com.vn/og-image.png,Not found (404)
"4/20/26, 6:16 AM",https://dienmayelc.com.vn/cung-cap-thi-cong-may-lanh-dan-dung-va-cong-nghiep-gia-re,Not found (404)
"4/20/26, 6:05 AM",https://dienmayelc.com.vn/san-pham/may-cap-gio-tuoi-thu-hoi-nhiet-net-350-pro-menred,Not found (404)
"4/20/26, 6:01 AM","https://dienmayelc.com.vn/he-thong-cap-khi-tuoi/may-loc-khong-khi?utm_source=Search&utm_medium=ELC_Search_Hcm,%C4%90N,BD_Ngocy_1.08.2025_01_01&utm_campaign=Hcm,%C4%90N,BD",Not found (404)
"4/20/26, 5:56 AM",https://www.dienmayelc.com.vn/cdn-cgi/l/email-protection,Not found (404)
"4/20/26, 5:53 AM",https://dienmayelc.com.vn/kich-thuoc-may-lanh,Not found (404)
"4/20/26, 5:49 AM",https://dienmayelc.com.vn/danh-muc/he-thong-cap-khi-tuoi/may-loc-khong-khi,Not found (404)
"4/20/26, 5:42 AM",https://dienmayelc.com.vn/tin-tuc/page/19,Not found (404)
"4/20/26, 5:37 AM","https://dienmayelc.com.vn/danh-muc/he-thong-dieu-hoa-khong-khi/may-lanh-am-tran?utm_source=PMAX&utm_medium=ELC_PMAX_Hcm,%C4%90N,BD_Ngocy_06.09.2025_01_01&utm_campaign=Hcm,%C4%90N,BD",Not found (404)
"4/20/26, 5:36 AM",https://dienmayelc.com.vn/san-pham/may-giat-samsung-inverter-9-kg-ww90tp54dsb-sv,Not found (404)
"4/20/26, 5:30 AM",https://dienmayelc.com.vn/thi-cong-he-thong-loc-cap-khi-tuoi,Not found (404)
"4/20/26, 5:24 AM",https://dienmayelc.com.vn/san-pham/tu-dong-alaska-550-lit-hb-550n,Not found (404)
"4/20/26, 5:18 AM",https://dienmayelc.com.vn/danh-muc/he-thong-dieu-hoa-khong-khi/page/5?swoof=1&hang_sx=daikin&really_curr_tax=86-product_cat,Not found (404)
"4/20/26, 5:13 AM",https://dienmayelc.com.vn/san-pham/tu-mat-sanaky-200-lit-vh-258kl,Not found (404)
"4/20/26, 5:07 AM",https://dienmayelc.com.vn/cach-bom-ga-may-lanh,Not found (404)
"4/20/26, 3:42 AM",https://dienmayelc.com.vn/thay-loi-loc-menred-hagisu-dien-may-elc,Not found (404)
"4/20/26, 2:51 AM",https://dienmayelc.com.vn/tu-van-thiet-ke-he-thong-dhkk-giau-tran-noi-ong-gio-he-thong-loc-cap-khi-tuoi-hoi-nhiet-2-chieu-cho-villa-phan-thiet,Not found (404)
"4/20/26, 2:33 AM",https://dienmayelc.com.vn/cong-nghe-nanoe-g-la-gi-tam-anh-huong-trong-thoi-dai-5-0,Not found (404)
"4/20/26, 2:14 AM",https://dienmayelc.com.vn/san-pham/tu-mat-alaska-550-lit-lc-933c,Not found (404)
"4/20/26, 1:56 AM",https://dienmayelc.com.vn/chung-cu-khang-gia-nghiem-thu-hoan-thanh,Not found (404)
"4/20/26, 1:36 AM",https://dienmayelc.com.vn/tu-mat,Not found (404)
"4/20/26, 1:18 AM",https://dienmayelc.com.vn/he-thong-cap-gio-tuoi-menred-giai-phap-huu-ich-cho-bao-ve-moi-truong-va-giam-khi-nha-kinh,Not found (404)
"4/20/26, 12:59 AM",https://dienmayelc.com.vn/giai-phap-hieu-qua-cho-van-de-o-nhiem-khong-khi-tai-ha-noi-may-cap-khi-tuoi-thu-hoi-nhiet-2-chieu-menred,Not found (404)
"4/20/26, 12:40 AM",https://dienmayelc.com.vn/may-giat,Not found (404)
"4/20/26, 12:19 AM",https://dienmayelc.com.vn/san-pham/tu-dong-sanaky-175-lit-vh-225a2,Not found (404)
"4/19/26, 11:57 PM",https://dienmayelc.com.vn/ma-loi-may-lanh-lg,Not found (404)
"4/19/26, 11:37 PM",https://dienmayelc.com.vn/san-pham/tu-dong-alaska-372-lit-bcd-5568c,Not found (404)
"4/19/26, 11:15 PM",https://dienmayelc.com.vn/uu-diem-cua-he-thong-cap-gio-tuoi-sach-menred-lua-chon-toi-uu-cho-cong-trinh-cua-ban,Not found (404)
"4/19/26, 11:02 PM",https://dienmayelc.com.vn/san-pham/tu-dong-alaska-500-lit-bcd-5068n,Not found (404)
"4/19/26, 11:02 PM",https://dienmayelc.com.vn/san-pham/dieu-hoa-daikin-am-tran-dieu-khien-day-6?add-to-cart=3150,Not found (404)
"4/19/26, 10:53 PM",https://dienmayelc.com.vn/san-pham/tu-lanh-panasonic-inverter-306-lit-nr-tv341vgmv,Not found (404)
"4/19/26, 10:16 PM",https://dienmayelc.com.vn/san-pham/may-say-panasonic-8-kg-nh-e80ja1wvt,Not found (404)
"4/19/26, 9:38 PM",https://dienmayelc.com.vn/san-pham/may-giat-sharp-11-kg-es-w110hv-s,Not found (404)
"4/19/26, 9:01 PM",https://dienmayelc.com.vn/san-pham/may-say-thong-hoi-electrolux-8-5-kg-eds854j3wb,Not found (404)
"4/19/26, 8:57 PM",https://dienmayelc.com.vn/thiet-ke-he-thong-dhkk-vrv-giau-tran-noi-ong-gio-he-thong-loc-cap-khi-tuoi-hoi-nhiet-quan-karaoke-cao-cap-quan-7-tp-hcm,Not found (404)
"4/19/26, 8:39 PM",https://dienmayelc.com.vn/he-thong-cap-gio-tuoi-2-chieu-cho-khu-xu-ly-rac-thai,Not found (404)
"4/19/26, 8:32 PM",https://dienmayelc.com.vn/van-tiet-luu-dieu-hoa-la-gi,Not found (404)
"4/19/26, 8:18 PM",https://dienmayelc.com.vn/may-lanh-gia-re-duoi-5-trieu,Not found (404)
"4/19/26, 7:56 PM",https://dienmayelc.com.vn/san-pham/dieu-hoa-ap-tran-daikin-fhnq48mv1-rnq48my1-48000btu-3-pha,Not found (404)
"4/19/26, 7:46 PM",https://dienmayelc.com.vn/san-pham/may-lanh/am-tran,Not found (404)
"4/19/26, 7:42 PM",https://dienmayelc.com.vn/huong-dan-su-dung-dieu-khien-dieu-hoa-daikin,Not found (404)
"4/19/26, 7:35 PM",https://dienmayelc.com.vn/san-pham/may-lanh/treo-tuong,Not found (404)
"4/19/26, 7:13 PM",https://dienmayelc.com.vn/he-thong-dieu-hoa-khong-khi-va-cap-gio-sach-tai-villa,Not found (404)
"4/19/26, 6:03 PM","https://dienmayelc.com.vn/he-thong-cap-khi-tuoi/may-loc-khong-khi?utm_source=Search&utm_medium=ELC_Search_Hcm,%C4%90N,BD_Ngocy_1.08.2025_01_01&utm_campaign=Hcm,%C4%90N,BD",Not found (404)
"4/19/26, 6:01 PM",https://dienmayelc.com.vn/danh-muc/he-thong-dieu-hoa-khong-khi/page/3,Not found (404)
"4/19/26, 6:01 PM",https://dienmayelc.com.vn/san-pham/may-lanh-daikin-3-0hp-loai-thuong-thai-lan,Not found (404)
"4/19/26, 6:00 PM",https://dienmayelc.com.vn/may-lanh-tcl-co-tot-khong,Not found (404)
"4/19/26, 5:57 PM","https://dienmayelc.com.vn/danh-muc/he-thong-dieu-hoa-khong-khi/may-lanh-am-tran?utm_source=PMAX&utm_medium=ELC_PMAX_Hcm,%C4%90N,BD_Ngocy_06.09.2025_01_01&utm_campaign=Hcm,%C4%90N,BD",Not found (404)
"4/19/26, 4:33 PM",https://dienmayelc.com.vn/san-pham/may-loc-khong-khi/may-cap-khi-tuoi-loc-khong-khi-thu-hoi-nhiet,Not found (404)
"4/19/26, 3:55 PM",https://dienmayelc.com.vn/san-pham/may-loc-khong-khi/may-cap-khi-tuoi-loc-khong-khi,Not found (404)
"4/19/26, 3:37 PM",https://dienmayelc.com.vn/san-pham/noi-chien-khong-dau-smart-plus-nagakawa-nag3303,Not found (404)
"4/19/26, 3:36 PM",https://dienmayelc.com.vn/wp-content/uploads/2023/03/6-5-510x428.png,Not found (404)
"4/19/26, 3:18 PM",https://dienmayelc.com.vn/he-thong-dieu-hoa-khong-khi,Not found (404)
"4/19/26, 2:58 PM",https://dienmayelc.com.vn/logo.png,Not found (404)
"4/19/26, 2:03 PM",https://dienmayelc.com.vn/apple-touch-icon.png,Not found (404)
"4/19/26, 11:31 AM",https://dienmayelc.com.vn/san-pham/may-lanh,Not found (404)
"4/19/26, 10:41 AM",https://dienmayelc.com.vn/ve-sinh-may-lanh-ap-tran-bao-dam-suc-khoe-gia-dinh,Not found (404)
"4/19/26, 9:51 AM",https://dienmayelc.com.vn/san-pham/may-lanh-am-tran-cu-daikin-2,Not found (404)
"4/19/26, 8:36 AM",https://dienmayelc.com.vn/dich-vu-bao-tri-bao-duong,Not found (404)
"4/19/26, 8:14 AM",https://dienmayelc.com.vn/san-pham/dieu-hoa-daikin-loại-ap-tran-tieu-chuan-inverter-dieu-khien-day-2/feed,Not found (404)
"4/19/26, 8:11 AM",https://dienmayelc.com.vn/bang-gia-dich-vu-bao-tri-bao-duong-cua-cong-ty-dien-may-elc/feed,Not found (404)
"4/19/26, 7:58 AM",https://dienmayelc.com.vn/app-dieu-khien-dieu-hoa/feed,Not found (404)
"4/19/26, 7:28 AM",https://dienmayelc.com.vn/san-pham/may-lanh-tu-dung-3/feed,Not found (404)
"4/19/26, 7:21 AM",https://dienmayelc.com.vn/san-pham/may-loc-khong-khi,Not found (404)
"4/19/26, 7:14 AM",https://dienmayelc.com.vn/eco-la-gi/feed,Not found (404)
"4/19/26, 7:06 AM",https://dienmayelc.com.vn/thiet-ke-cung-cap-thi-cong-lap-dat/he-thong-dieu-hoa/feed,Not found (404)
"4/19/26, 6:44 AM",https://dienmayelc.com.vn/danh-muc/he-thong-cap-khi-tuoi/may-cap-khi-tuoi/feed,Not found (404)
"4/19/26, 6:30 AM",https://dienmayelc.com.vn/san-pham/dieu-hoa-daikin-loại-am-tran-tieu-chuan-inverter-dieu-khien-khong-day-fcfc100dvm-rzfc100dvmbrc7f635f9bycq125eaf/feed,Not found (404)
"4/19/26, 6:23 AM",https://dienmayelc.com.vn/khong-phan-loai/feed,Not found (404)
"4/19/26, 6:06 AM",https://dienmayelc.com.vn/177-truong-van-bang-lap-dat-he-thong-dieu-hoa,Not found (404)
"4/19/26, 6:01 AM",https://dienmayelc.com.vn/he-thong-thong-gio/feed,Not found (404)
"4/19/26, 5:41 AM","https://dienmayelc.com.vn/danh-muc/he-thong-cap-khi-tuoi/may-loc-khong-khi?utm_source=PMAX&utm_medium=ELC_PMAX_Hcm,%C4%90N,BD_Ngocy_23.06.2025_01_01&utm_campaign=Hcm,%C4%90N,BD",Not found (404)
"4/19/26, 5:36 AM",https://dienmayelc.com.vn/san-pham-cu-da-qua-su-dung,Not found (404)
"4/19/26, 5:06 AM",https://dienmayelc.com.vn/cong-trinh-thong-loc-khong-khi-trung-tam-cho-can-ho-o-khu-do-thi-senturia-vuon-lai-an-phu-dong-q12,Not found (404)
"4/19/26, 4:36 AM",https://dienmayelc.com.vn/dieu-hoa-khong-mat,Not found (404)
"4/19/26, 4:06 AM",https://dienmayelc.com.vn/he-thong-dieu-hoa-khong-khi/may-lanh-treo-tuong,Not found (404)
"4/19/26, 3:36 AM",https://dienmayelc.com.vn/robot-hut-bui-2,Not found (404)
"4/19/26, 3:06 AM",https://dienmayelc.com.vn/he-thong-dieu-hoa-khong-khi/may-lanh-giau-tran-noi-ong-gio,Not found (404)
"4/19/26, 2:36 AM",https://dienmayelc.com.vn/he-thong-cap-khi-tuoi/thiet-bi-cap-khi-tuoi-phu-tro,Not found (404)
"4/19/26, 2:06 AM",https://dienmayelc.com.vn/lap-dat-he-thong-loc-khong-khi-cong-ty-xay-dung-bmt,Not found (404)
"4/19/26, 2:00 AM",https://dienmayelc.com.vn/he-thong-dieu-hoa-khong-khi/san-pham-cu-da-qua-su-dung,Not found (404)
"4/19/26, 1:52 AM","https://dienmayelc.com.vn/he-thong-cap-khi-tuoi/may-loc-khong-khi?utm_source=Search&utm_medium=ELC_Search_Hcm,%C4%90N,BD_Ngocy_1.08.2025_01_01&utm_campaign=Hcm,%C4%90N,BD",Not found (404)
"4/19/26, 1:36 AM",https://dienmayelc.com.vn/dich-vu-bao-tri-may-lanh,Not found (404)
"4/19/26, 1:11 AM",https://dienmayelc.com.vn/danh-muc/he-thong-dieu-hoa-khong-khi/page/5?swoof=1&hang_sx=daikin&really_curr_tax=86-product_cat,Not found (404)
"4/19/26, 12:46 AM",https://dienmayelc.com.vn/thiet-ke-he-thong-dhkk-giau-tran-noi-ong-gio-he-thong-loc-cap-khi-tuoi-hoi-nhiet-2-chieu-nha-o-rieng-le-dinh-quan-dong-nai,Not found (404)
"4/19/26, 12:21 AM",https://dienmayelc.com.vn/ve-sinh-may-lanh-dinh-ky-cho-khong-gian-tuoi-mat,Not found (404)
"4/18/26, 11:56 PM",https://dienmayelc.com.vn/ma-loi-may-lanh-lg,Not found (404)
"4/18/26, 11:31 PM",https://dienmayelc.com.vn/huong-dan-su-dung-remote-may-lanh-toshiba,Not found (404)
"4/18/26, 11:06 PM",https://dienmayelc.com.vn/tu-dong,Not found (404)
"4/18/26, 10:16 PM",https://dienmayelc.com.vn/tin-tuc/page/12,Not found (404)
"4/18/26, 10:05 PM",https://dienmayelc.com.vn/danh-muc/he-thong-dieu-hoa-khong-khi/may-lanh-am-tran,Not found (404)
"4/18/26, 10:03 PM","https://dienmayelc.com.vn/he-thong-dieu-hoa-khong-khi/san-pham-cu-da-qua-su-dung?utm_source&utm_medium=ELC__Hcm,%C4%90N,BD_HieuHNT__01_01&utm_campaign=Hcm,%C4%90N,BD&gclid=gtm_5ykoVA8kZX6QHSdEnwAhU0v6GZyg&gbraid=gtm_5ykoVA8kZX6QHSdEnwAhU0v6GZyg&wbraid=gtm_5ykoVA8kZX6QHSdEnwAhU0v6GZyg",Not found (404)
"4/18/26, 9:51 PM",https://dienmayelc.com.vn/ve-chung-toi,Not found (404)
"4/18/26, 9:44 PM",https://dienmayelc.com.vn/kho-may-lanh-gia-goc-chat-luong-tai-hcm,Not found (404)
"4/18/26, 9:36 PM",https://dienmayelc.com.vn/thiet-ke-cung-cap-thi-cong-lap-dat/page/3,Not found (404)
"4/18/26, 9:29 PM",https://dienmayelc.com.vn/san-pham/dieu-hoa-daikin-am-tran-dieu-khien-khong-day,Not found (404)
"4/18/26, 9:21 PM",https://dienmayelc.com.vn/nhiet-do-may-lanh-cho-tre-so-sinh,Not found (404)
"4/18/26, 9:14 PM",https://dienmayelc.com.vn/san-pham/tu-dong-sanaky-175-lit-vh-225a2,Not found (404)
"4/18/26, 9:06 PM",https://dienmayelc.com.vn/dop-test-la-gi-va-nhung-thong-tin-ban-can-biet,Not found (404)
"4/18/26, 8:59 PM",https://dienmayelc.com.vn/tu-mat,Not found (404)
"4/18/26, 8:51 PM",https://dienmayelc.com.vn/he-thong-cap-gio-tuoi-menred-giai-phap-huu-ich-cho-bao-ve-moi-truong-va-giam-khi-nha-kinh,Not found (404)
"4/18/26, 8:44 PM",https://dienmayelc.com.vn/cong-nghe-nanoe-g-la-gi-tam-anh-huong-trong-thoi-dai-5-0,Not found (404)
"4/18/26, 8:36 PM",https://dienmayelc.com.vn/chung-cu-khang-gia-nghiem-thu-hoan-thanh,Not found (404)
"4/18/26, 8:29 PM",https://dienmayelc.com.vn/he-thong-loc-khong-khi-phong-xem-phim-gia-dinh,Not found (404)
"4/18/26, 8:21 PM",https://dienmayelc.com.vn/san-pham/tu-mat-alaska-550-lit-lc-933c,Not found (404)
"4/18/26, 8:14 PM",https://dienmayelc.com.vn/may-giat,Not found (404)
"4/18/26, 8:06 PM",https://dienmayelc.com.vn/san-pham/tu-dong-alaska-372-lit-bcd-5568c,Not found (404)
"4/18/26, 7:59 PM",https://dienmayelc.com.vn/he-thong-vrv-daikin-menred-hagisu-quan-7,Not found (404)
"4/18/26, 7:54 PM",https://dienmayelc.com.vn/san-pham/tu-lanh-panasonic-inverter-306-lit-nr-tv341vgmv,Not found (404)
"4/18/26, 7:46 PM",https://dienmayelc.com.vn/san-pham/may-giat-sharp-11-kg-es-w110hv-s,Not found (404)
"4/18/26, 7:42 PM",https://dienmayelc.com.vn/san-pham/may-say-thong-hoi-electrolux-8-5-kg-eds854j3wb,Not found (404)
"4/18/26, 7:38 PM",https://dienmayelc.com.vn/cung-cap-va-thi-cong-he-thong-loc-khong-khi,Not found (404)
"4/18/26, 7:34 PM",https://dienmayelc.com.vn/may-lanh-gia-re-duoi-5-trieu,Not found (404)
"4/18/26, 7:28 PM",https://dienmayelc.com.vn/san-pham/may-lanh/giau-tran-noi-ong-gio,Not found (404)
"4/18/26, 6:41 PM",https://dienmayelc.com.vn/feed,Not found (404)
"4/18/26, 6:33 PM",https://dienmayelc.com.vn/cung-cap-thi-cong-may-lanh-dan-dung-va-cong-nghiep-gia-re/z3527934761624_1c90578fa5fe8dc6bff6b460b91d4aae,Not found (404)
"4/18/26, 6:22 PM",https://dienmayelc.com.vn/cong-trinh-thi-cong-lap-dat-he-thong-dieu-hoa-khong-khi-tai-so-05-dai-lo-binh-duong/feed,Not found (404)
"4/18/26, 6:02 PM",https://dienmayelc.com.vn/177-truong-van-bang-lap-dat-he-thong-dieu-hoa/feed,Not found (404)
"4/18/26, 6:01 PM",https://dienmayelc.com.vn/san-pham/may-say-panasonic-8-kg-nh-e80ja1wvt,Not found (404)
"4/18/26, 5:19 PM",https://dienmayelc.com.vn/search?q=%7Bsearch_term_string%7D,Not found (404)
"4/18/26, 5:19 PM",https://dienmayelc.com.vn/huong-dan-su-dung-dieu-khien-dieu-hoa-daikin,Not found (404)
"4/18/26, 5:17 PM",https://dienmayelc.com.vn/san-pham/may-lanh-daikin-3-0hp-loai-thuong-thai-lan,Not found (404)
"4/18/26, 5:08 PM",https://dienmayelc.com.vn/san-pham/dieu-hoa-ap-tran-daikin-fhnq48mv1-rnq48my1-48000btu-3-pha,Not found (404)
"4/18/26, 4:28 PM",https://dienmayelc.com.vn/san-pham/may-say-panasonic-7-kg-nh-e70ja1wvt,Not found (404)
"4/18/26, 4:04 PM",https://dienmayelc.com.vn/san-pham/tu-dong-alaska-500-lit-bcd-5068n,Not found (404)
"4/18/26, 4:04 PM",https://dienmayelc.com.vn/may-lanh-tcl-co-tot-khong,Not found (404)
"4/18/26, 3:50 PM",https://dienmayelc.com.vn/he-thong-cap-gio-tuoi-2-chieu-cho-khu-xu-ly-rac-thai,Not found (404)
"4/18/26, 2:50 PM",https://dienmayelc.com.vn/san-pham/may-lanh-am-tran-cu-daikin,Not found (404)
"4/18/26, 2:42 PM",https://dienmayelc.com.vn/thiet-ke-he-thong-dhkk-giau-tran-noi-ong-gio-he-thong-loc-cap-khi-tuoi-hoi-nhiet-hai-chieu-villa-mr-vu-an-duong-vuong-q-5,Not found (404)
"4/18/26, 2:40 PM",https://dienmayelc.com.vn/van-tiet-luu-dieu-hoa-la-gi,Not found (404)
"4/18/26, 2:28 PM",https://www.dienmayelc.com.vn/du-an/am-tran/mau/du-an-vinh-long,Not found (404)
"4/18/26, 2:16 PM",https://dienmayelc.com.vn/san-pham/noi-chien-khong-dau-smart-plus-nagakawa-nag3303,Not found (404)
"4/18/26, 1:58 PM",https://www.dienmayelc.com.vn/du-an/am-tran/mau/du-an-vinhomes,Not found (404)
"4/18/26, 11:36 AM",https://dienmayelc.com.vn/san-pham/dieu-hoa-treo-tuong-daikin-tieu-chuan-inverter,Not found (404)
"4/18/26, 11:27 AM",https://dienmayelc.com.vn/tin-tuc/page/19,Not found (404)
"4/18/26, 10:15 AM",https://www.dienmayelc.com.vn/apple-touch-icon.png,Not found (404)
"4/18/26, 9:44 AM",https://dienmayelc.com.vn/wp-content/uploads/2023/12/unnamed-4-1-100x100.webp,Not found (404)
"4/18/26, 9:36 AM",https://dienmayelc.com.vn/danh-muc/he-thong-dieu-hoa-khong-khi/may-lanh-am-tran,Not found (404)
"4/18/26, 9:25 AM",https://dienmayelc.com.vn/logo.png,Not found (404)
"4/18/26, 9:25 AM",https://dienmayelc.com.vn/apple-touch-icon.png,Not found (404)
"4/18/26, 9:25 AM",https://dienmayelc.com.vn/og-image.png,Not found (404)
"4/18/26, 9:25 AM",https://dienmayelc.com.vn/wp-content/uploads/2024/02/DONG-HANH-CUNG-BAN-TAO-DUNG-KHONG-GIAN-TRONG-LANH-2-4.png,Not found (404)
"4/18/26, 9:24 AM",https://dienmayelc.com.vn/he-thong-dieu-hoa-khong-khi/san-pham-cu-da-qua-su-dung,Not found (404)
"4/18/26, 9:22 AM","https://dienmayelc.com.vn/he-thong-cap-khi-tuoi/may-loc-khong-khi?utm_source=Search&utm_medium=ELC_Search_Hcm,%C4%90N,BD_Ngocy_1.08.2025_01_01&utm_campaign=Hcm,%C4%90N,BD",Not found (404)
"4/18/26, 8:53 AM",https://dienmayelc.com.vn/wp-content/uploads/2023/08/tu-lanh-sharp-inverter-180l-sj-x196e-dss-7_1dd34db84f3c4debb26920ca4fe90d62_master.webp,Not found (404)
"4/18/26, 8:03 AM",https://dienmayelc.com.vn/wp-content/uploads/2023/12/THONG-BAO-NGHI-LE-1-600x400.png,Not found (404)
"4/18/26, 7:59 AM",https://dienmayelc.com.vn/apple-app-site-association,Not found (404)
"4/18/26, 7:52 AM",https://dienmayelc.com.vn/wp-content/uploads/2023/06/6-2-220x220.png,Not found (404)
"4/18/26, 7:43 AM",https://dienmayelc.com.vn/ve-sinh-may-lanh-ap-tran-bao-dam-suc-khoe-gia-dinh,Not found (404)
"4/18/26, 7:40 AM",https://dienmayelc.com.vn/wp-content/uploads/2023/08/tu-dong-sanaky-175-lit-vh-225a2-4272-100x100.jpg,Not found (404)
"4/18/26, 7:28 AM",https://dienmayelc.com.vn/wp-content/uploads/2023/12/z5007731326827_dbe730ab83cc2d0227369b46653b236c-533x400.jpg,Not found (404)
"4/18/26, 7:19 AM",https://dienmayelc.com.vn/.well-known/apple-app-site-association,Not found (404)
"4/18/26, 7:17 AM",https://dienmayelc.com.vn/wp-content/uploads/2021/12/bao-hanh-dieu-hoa-hitachi-100x100.jpeg,Not found (404)
"4/18/26, 7:05 AM",https://dienmayelc.com.vn/wp-content/uploads/2023/07/treo-tuong-1-220x220.jpeg,Not found (404)
"4/18/26, 7:04 AM",https://dienmayelc.com.vn/cach-bom-ga-may-lanh,Not found (404)
"4/18/26, 6:54 AM",https://dienmayelc.com.vn/wp-content/uploads/2023/07/z4499284581599_af6cab793ffecf9b8b97d05a787b8f67.png,Not found (404)
"4/18/26, 6:42 AM",https://dienmayelc.com.vn/wp-content/uploads/2023/08/unnamed-1-18-220x220.webp,Not found (404)
"4/18/26, 6:31 AM",https://dienmayelc.com.vn/wp-content/uploads/2021/12/daikin-inverter-1-hp-ftkb25wmvmv30-220x220.jpg,Not found (404)
"4/18/26, 6:27 AM",https://dienmayelc.com.vn/dia-chi-mua-ban-may-lanh-uy-tin-tai-go-vap,Not found (404)
"4/18/26, 6:19 AM",https://dienmayelc.com.vn/wp-content/uploads/2023/06/ap-tran-daikin1-220x220.png,Not found (404)
"4/18/26, 6:08 AM",https://dienmayelc.com.vn/wp-content/uploads/2023/03/ap-tran-daikin2-2-220x220.png,Not found (404)
"4/18/26, 5:56 AM",https://dienmayelc.com.vn/wp-content/uploads/2023/03/ap-tran-daikin2-2-550x461.png,Not found (404)
"4/18/26, 5:49 AM",https://dienmayelc.com.vn/dich-vu-bao-tri-bao-duong,Not found (404)
"4/18/26, 5:44 AM",https://dienmayelc.com.vn/wp-content/uploads/2021/12/product_15662_3-100x100.jpeg,Not found (404)
"4/18/26, 5:38 AM",https://dienmayelc.com.vn/wp-content/uploads/2023/05/online-security-400x400.png,Not found (404)
"4/18/26, 5:19 AM",https://dienmayelc.com.vn/wp-content/uploads/2023/07/1-1-220x220.png,Not found (404)
"4/18/26, 5:12 AM",https://dienmayelc.com.vn/cong-trinh-thong-loc-khong-khi-trung-tam-cho-can-ho-o-khu-do-thi-senturia-vuon-lai-an-phu-dong-q12,Not found (404)
"4/18/26, 5:06 AM",https://dienmayelc.com.vn/wp-content/uploads/2023/08/tu-dong-sanaky-vh-568hy2-2_1-667x400.jpg,Not found (404)
"4/18/26, 4:54 AM",https://dienmayelc.com.vn/wp-content/uploads/2021/12/treo-tuong-220x220.png,Not found (404)
"4/18/26, 4:44 AM",https://dienmayelc.com.vn/wp-content/uploads/2023/08/tu-dong-sanaky-vh-568hy2-4_1-667x400.jpg,Not found (404)
"4/18/26, 4:29 AM",https://dienmayelc.com.vn/wp-content/uploads/2023/07/1.png,Not found (404)
"4/18/26, 4:16 AM",https://dienmayelc.com.vn/wp-content/uploads/2023/06/3-220x220.png,Not found (404)
"4/18/26, 4:04 AM",https://dienmayelc.com.vn/wp-content/uploads/2023/06/anh-bia-3-711x400.png,Not found (404)
"4/18/26, 3:57 AM",https://dienmayelc.com.vn/cung-cap-thi-cong-may-lanh-dan-dung-va-cong-nghiep-gia-re,Not found (404)
"4/18/26, 3:52 AM",https://dienmayelc.com.vn/wp-content/uploads/2023/10/381359601_337063518885205_8224531064147406403_n-800x379.jpg,Not found (404)
"4/18/26, 3:37 AM",https://dienmayelc.com.vn/wp-content/uploads/2024/01/air-filter-710x400.jpg,Not found (404)
"4/18/26, 3:35 AM",https://dienmayelc.com.vn/dieu-hoa-khong-mat,Not found (404)
"4/18/26, 3:24 AM",https://dienmayelc.com.vn/wp-content/uploads/2023/10/z4796800432987_34a925e97ee8c25580a99c9321537cd8-Copy-200x95.jpg,Not found (404)
"4/18/26, 3:14 AM",https://dienmayelc.com.vn/he-thong-dieu-hoa-khong-khi/may-lanh-treo-tuong,Not found (404)
"4/18/26, 3:10 AM",https://dienmayelc.com.vn/wp-content/uploads/2023/06/Giau-tran-noi-ong-gio-220x220.png,Not found (404)
"4/18/26, 2:57 AM",https://dienmayelc.com.vn/wp-content/uploads/2023/06/8-1.png,Not found (404)
"4/18/26, 2:53 AM",https://dienmayelc.com.vn/177-truong-van-bang-lap-dat-he-thong-dieu-hoa,Not found (404)
"4/18/26, 2:43 AM",https://dienmayelc.com.vn/wp-content/uploads/2023/03/6-5-550x461.png,Not found (404)
"4/18/26, 2:31 AM",https://dienmayelc.com.vn/robot-hut-bui-2,Not found (404)
"4/18/26, 2:29 AM",https://dienmayelc.com.vn/wp-content/uploads/2023/12/unnamed-5-100x100.webp,Not found (404)
"4/18/26, 2:16 AM",https://dienmayelc.com.vn/wp-content/uploads/2023/12/z4925426229075_0acd435ed78a3d49b68a99efa25b41c0-300x400.jpg,Not found (404)
"4/18/26, 2:14 AM",https://dienmayelc.com.vn/huong-dan-su-dung-dieu-khien-dieu-hoa-mitsubishi,Not found (404)
"4/18/26, 2:10 AM",https://dienmayelc.com.vn/cdn-cgi/l/email-protection,Not found (404)
"4/18/26, 2:02 AM",https://dienmayelc.com.vn/wp-content/uploads/2023/11/z4744148807483_7f4ea44aa76df7a1b6375c6b65677df0-174x200.jpg,Not found (404)
"4/18/26, 1:48 AM",https://dienmayelc.com.vn/wp-content/uploads/2023/12/z5007731326827_dbe730ab83cc2d0227369b46653b236c-200x150.jpg,Not found (404)
"4/18/26, 1:48 AM",https://dienmayelc.com.vn/he-thong-dieu-hoa-khong-khi/may-lanh-giau-tran-noi-ong-gio,Not found (404)
"4/18/26, 1:44 AM",https://dienmayelc.com.vn/may-lanh-toshiba-chop-den-lien-tuc,Not found (404)
"4/18/26, 1:28 AM",https://dienmayelc.com.vn/wp-content/uploads/2024/01/hinh-dai-dien-603x400.png,Not found (404)
"4/18/26, 1:27 AM",https://dienmayelc.com.vn/he-thong-cap-khi-tuoi/thiet-bi-cap-khi-tuoi-phu-tro,Not found (404)
"4/18/26, 1:06 AM",https://dienmayelc.com.vn/wp-content/uploads/2023/03/6-4-220x220.png,Not found (404)
"4/18/26, 12:44 AM",https://dienmayelc.com.vn/wp-content/uploads/2023/08/unnamed-2-10-220x220.webp,Not found (404)
"4/18/26, 12:44 AM",https://dienmayelc.com.vn/danh-muc/he-thong-dieu-hoa-khong-khi/page/5?swoof=1&hang_sx=daikin&really_curr_tax=86-product_cat,Not found (404)
"4/18/26, 12:29 AM",https://dienmayelc.com.vn/chai-xit-ve-sinh-may-lanh-co-tot-khong,Not found (404)
"4/18/26, 12:23 AM",https://dienmayelc.com.vn/wp-content/uploads/2023/12/unnamed-100x100.webp,Not found (404)
"4/18/26, 12:23 AM",https://dienmayelc.com.vn/huong-dan-su-dung-remote-may-lanh-lg?gad_source=1&gad_campaignid=22661772632&gclid=CjwKCAjw1ozEBhAdEiwAn9qbzdtJoskCPhe0G4v-3DCRTdC4qlbt3qQqYC0RmgCHayYV3bXb3P5TbRoCopUQAvD_BwE,Not found (404)
"4/18/26, 12:06 AM",https://dienmayelc.com.vn/ve-sinh-may-lanh-dinh-ky-cho-khong-gian-tuoi-mat,Not found (404)
"4/18/26, 12:06 AM",https://dienmayelc.com.vn/wp-content/uploads/2023/03/6-6-220x220.png,Not found (404)
"4/17/26, 11:47 PM",https://dienmayelc.com.vn/comments/feed,Not found (404)
"4/17/26, 11:42 PM",https://dienmayelc.com.vn/wp-content/uploads/2023/06/cach-su-dung-remote-may-lanh-2.jpg,Not found (404)
"4/17/26, 11:40 PM",https://dienmayelc.com.vn/may-lanh-am-tran-noi-ong-gio,Not found (404)
"4/17/26, 11:17 PM",https://dienmayelc.com.vn/wp-content/uploads/2023/10/mck55tvm6-1-100x100.png,Not found (404)
"4/17/26, 10:51 PM",https://dienmayelc.com.vn/wp-content/uploads/2023/11/z4844278750003_8c51726cbba6054931cb4e3975ad232a-200x113.jpg,Not found (404)
"4/17/26, 10:40 PM",https://dienmayelc.com.vn/ma-loi-may-lanh-lg,Not found (404)
"4/17/26, 10:28 PM",https://dienmayelc.com.vn/wp-content/uploads/2023/06/Giau-tran-noi-ong-gio-1-220x220.png,Not found (404)
"4/17/26, 10:23 PM",https://dienmayelc.com.vn/he-thong-cap-khi-tuoi/may-loc-khong-khi,Not found (404)
"4/17/26, 10:03 PM",https://dienmayelc.com.vn/ma-loi-may-lanh-daikin/feed,Not found (404)
"4/17/26, 10:01 PM",https://dienmayelc.com.vn/wp-content/uploads/2023/12/z4991594759104_0a62962bfce60064d07cb574a7ffa4f6-200x150.jpg,Not found (404)
"4/17/26, 9:57 PM",https://dienmayelc.com.vn/ve-chung-toi,Not found (404)
"4/17/26, 9:34 PM","https://dienmayelc.com.vn/he-thong-dieu-hoa-khong-khi/san-pham-cu-da-qua-su-dung?utm_source&utm_medium=ELC__Hcm,%C4%90N,BD_HieuHNT__01_01&utm_campaign=Hcm,%C4%90N,BD&gclid=gtm_5ykoVA8kZX6QHSdEnwAhU0v6GZyg&gbraid=gtm_5ykoVA8kZX6QHSdEnwAhU0v6GZyg&wbraid=gtm_5ykoVA8kZX6QHSdEnwAhU0v6GZyg",Not found (404)
"4/17/26, 9:10 PM",https://dienmayelc.com.vn/wp-content/uploads/2023/06/6-1-220x220.png,Not found (404)
"4/17/26, 9:10 PM",https://dienmayelc.com.vn/he-thong-cap-gio-tuoi-menred-giai-phap-huu-ich-cho-bao-ve-moi-truong-va-giam-khi-nha-kinh,Not found (404)
"4/17/26, 8:20 PM",https://dienmayelc.com.vn/wp-content/uploads/2023/08/unnamed-1-18.webp,Not found (404)
"4/17/26, 7:30 PM",https://dienmayelc.com.vn/wp-content/uploads/2023/07/1211_uu-diem-dieu-hoa-ap-tran-764x400.jpg,Not found (404)
"4/17/26, 7:30 PM",https://dienmayelc.com.vn/san-pham/tu-mat-sanaky-200-lit-vh-258kl,Not found (404)
"4/17/26, 7:20 PM",https://dienmayelc.com.vn/thiet-ke-he-thong-dhkk-vrv-giau-tran-noi-ong-gio-he-thong-loc-cap-khi-tuoi-hoi-nhiet-quan-karaoke-cao-cap-quan-7-tp-hcm,Not found (404)
"4/17/26, 7:05 PM",https://dienmayelc.com.vn/san-pham/may-say-thong-hoi-electrolux-8-5-kg-eds854j3wb,Not found (404)
"4/17/26, 6:40 PM",https://dienmayelc.com.vn/san-pham/tu-mat-sanaky-1400-lit-vh-1520hp,Not found (404)
"4/17/26, 6:36 PM",https://dienmayelc.com.vn/wp-content/uploads/2023/05/arm-wrestling-400x400.png,Not found (404)
"4/17/26, 6:15 PM",https://dienmayelc.com.vn/san-pham/tu-dong-alaska-550-lit-hb-550n,Not found (404)
"4/17/26, 6:04 PM",https://dienmayelc.com.vn/vrv-la-gi,Not found (404)
"4/17/26, 5:58 PM",https://dienmayelc.com.vn/wp-content/uploads/2023/11/unnamed-100x100.webp,Not found (404)
"4/17/26, 5:50 PM",https://dienmayelc.com.vn/san-pham/dieu-hoa-daikin-am-tran-dieu-khien-day-6?add-to-cart=3150,Not found (404)
"4/17/26, 5:50 PM",https://dienmayelc.com.vn/tu-van-thiet-ke-he-thong-dhkk-giau-tran-noi-ong-gio-he-thong-loc-cap-khi-tuoi-hoi-nhiet-2-chieu-cho-villa-phan-thiet,Not found (404)
"4/17/26, 5:20 PM",https://dienmayelc.com.vn/tu-mat,Not found (404)
"4/17/26, 4:50 PM",https://dienmayelc.com.vn/cong-nghe-nanoe-g-la-gi-tam-anh-huong-trong-thoi-dai-5-0,Not found (404)
"4/17/26, 4:31 PM",https://dienmayelc.com.vn/huong-dan-su-dung-dieu-khien-dieu-hoa-daikin,Not found (404)
"4/17/26, 4:20 PM",https://dienmayelc.com.vn/chung-cu-khang-gia-nghiem-thu-hoan-thanh,Not found (404)
"4/17/26, 4:01 PM",https://dienmayelc.com.vn/san-pham/tu-dong-alaska-500-lit-bcd-5068n,Not found (404)
"4/17/26, 3:50 PM",https://dienmayelc.com.vn/san-pham/may-giat-samsung-inverter-9-kg-ww90tp54dsb-sv,Not found (404)
"4/17/26, 3:45 PM",https://dienmayelc.com.vn/wp-content/uploads/2023/03/6-4-100x100.png,Not found (404)
"4/17/26, 3:20 PM",https://dienmayelc.com.vn/may-giat,Not found (404)
"4/17/26, 3:07 PM",https://dienmayelc.com.vn/wp-content/uploads/2023/08/tu-dong-sanaky-vh-568hy2-5_1-667x400.jpg,Not found (404)
"4/17/26, 2:50 PM",https://dienmayelc.com.vn/san-pham/tu-lanh-panasonic-inverter-306-lit-nr-tv341vgmv,Not found (404)
"4/17/26, 2:30 PM",https://dienmayelc.com.vn/wp-content/uploads/2023/06/Dieu-hoa-am-tran-sumikura-2019-220x220.jpg,Not found (404)
"4/17/26, 2:20 PM",https://dienmayelc.com.vn/san-pham/tu-dong-alaska-372-lit-bcd-5568c,Not found (404)
"4/17/26, 2:01 PM",https://dienmayelc.com.vn/may-lanh-tcl-co-tot-khong,Not found (404)
"4/17/26, 1:52 PM",https://dienmayelc.com.vn/wp-content/uploads/2023/08/unnamed-2-3-220x220.webp,Not found (404)
"4/17/26, 1:50 PM",https://dienmayelc.com.vn/san-pham/may-giat-sharp-11-kg-es-w110hv-s,Not found (404)
"4/17/26, 1:33 PM",https://dienmayelc.com.vn/san-pham/may-say-panasonic-8-kg-nh-e80ja1wvt,Not found (404)
"4/17/26, 1:22 PM",https://dienmayelc.com.vn/wp-content/uploads/2023/08/unnamed-1.webp,Not found (404)
"4/17/26, 1:16 PM",https://dienmayelc.com.vn/may-lanh-gia-re-duoi-5-trieu,Not found (404)
"4/17/26, 1:05 PM","https://dienmayelc.com.vn/he-thong-dieu-hoa-khong-khi/san-pham-cu-da-qua-su-dung?utm_source&utm_medium=ELC__Hcm,%C4%90N,BD_HieuHNT__01_01&utm_campaign=Hcm,%C4%90N,BD",Not found (404)
"4/17/26, 1:01 PM","https://dienmayelc.com.vn/danh-muc/he-thong-cap-khi-tuoi/may-loc-khong-khi?utm_source=Search&utm_medium=ELC_Search_Hcm,%C4%90N,BD_Ngocy_23.06.2025_01_01&utm_campaign=Hcm,%C4%90N,BD",Not found (404)
"4/17/26, 12:55 PM",https://dienmayelc.com.vn/san-pham/dieu-hoa-giau-tran-noi-ong-gio-dakin-4hp-gia-lien-he,Not found (404)
"4/17/26, 12:52 PM",https://dienmayelc.com.vn/wp-content/uploads/2023/09/z4730160162175_37d1f2bf372610ae1ea30d4a495b3029-100x100.jpg,Not found (404)
"4/17/26, 12:43 PM",https://dienmayelc.com.vn/san-pham/dieu-hoa-ap-tran-daikin-fhnq48mv1-rnq48my1-48000btu-3-pha,Not found (404)
"4/17/26, 12:10 PM",https://dienmayelc.com.vn/he-thong-cap-gio-tuoi-2-chieu-cho-khu-xu-ly-rac-thai,Not found (404)
"4/17/26, 12:03 PM",https://dienmayelc.com.vn/tin-tuc,Not found (404)
"4/17/26, 12:01 PM",https://dienmayelc.com.vn/wp-content/uploads/2023/12/z4925426229075_0acd435ed78a3d49b68a99efa25b41c0-150x200.jpg,Not found (404)
"4/17/26, 11:55 AM","https://dienmayelc.com.vn/he-thong-cap-khi-tuoi/may-loc-khong-khi?utm_source=PMAX&utm_medium=ELC_PMAX_Hcm,%C4%90N,BD_Ngocy_04.08.2025_01_01&utm_campaign=Hcm,%C4%90N,BD",Not found (404)
"4/17/26, 11:16 AM",https://dienmayelc.com.vn/san-pham/noi-chien-khong-dau-smart-plus-nagakawa-nag3303,Not found (404)
"4/17/26, 10:38 AM",https://dienmayelc.com.vn/san-pham/tu-lanh-hitachi-inverter-366-lit-r-fvx480pgv9mir,Not found (404)
"4/17/26, 9:59 AM",https://dienmayelc.com.vn/danh-muc/he-thong-dieu-hoa-khong-khi/may-lanh-am-tran,Not found (404)
"4/17/26, 9:53 AM",https://dienmayelc.com.vn/he-thong-cap-khi-tuoi/may-loc-khong-khi,Not found (404)
"4/17/26, 9:01 AM",https://dienmayelc.com.vn/cach-hen-gio-dieu-hoa-lg,Not found (404)
"4/17/26, 5:01 AM",https://dienmayelc.com.vn/san-pham/dieu-hoa-daikin-am-tran-dieu-khien-khong-day,Not found (404)
"4/17/26, 4:23 AM",https://dienmayelc.com.vn/cach-bom-ga-may-lanh,Not found (404)
"4/17/26, 3:46 AM",https://dienmayelc.com.vn/ve-sinh-may-lanh-ap-tran-bao-dam-suc-khoe-gia-dinh,Not found (404)
"4/17/26, 3:08 AM",https://dienmayelc.com.vn/may-lanh-keu-to,Not found (404)
"4/17/26, 2:31 AM",https://dienmayelc.com.vn/dich-vu-bao-tri-bao-duong,Not found (404)
"4/17/26, 1:41 AM",https://dienmayelc.com.vn/cong-trinh-thong-loc-khong-khi-trung-tam-cho-can-ho-o-khu-do-thi-senturia-vuon-lai-an-phu-dong-q12,Not found (404)
"4/17/26, 12:51 AM",https://dienmayelc.com.vn/dieu-hoa-khong-mat,Not found (404)
"4/17/26, 12:15 AM",https://dienmayelc.com.vn/he-thong-dieu-hoa-khong-khi/may-lanh-treo-tuong,Not found (404)
"4/16/26, 11:55 PM","https://dienmayelc.com.vn/he-thong-cap-khi-tuoi/may-loc-khong-khi?utm_source=PMAX&utm_medium=ELC_PMAX_Hcm,%C4%90N,BD_Ngocy_04.08.2025_01_01&utm_campaign=Hcm,%C4%90N,BD",Not found (404)
"4/16/26, 11:39 PM",https://dienmayelc.com.vn/huong-dan-su-dung-remote-may-lanh-toshiba,Not found (404)
"4/16/26, 11:07 PM",https://dienmayelc.com.vn/san-pham/dieu-hoa-daikin-loại-noi-ong-gio-tieu-chuan-inverter-dieu-khien-khong-day-2?add-to-cart=3068,Not found (404)
"4/16/26, 11:04 PM",https://dienmayelc.com.vn/robot-hut-bui-2,Not found (404)
"4/16/26, 10:47 PM",https://dienmayelc.com.vn/he-thong-dieu-hoa-khong-khi/may-lanh-giau-tran-noi-ong-gio,Not found (404)
"4/16/26, 10:15 PM",https://dienmayelc.com.vn/may-lanh-am-tran-noi-ong-gio,Not found (404)
"4/16/26, 9:42 PM",https://dienmayelc.com.vn/he-thong-cap-khi-tuoi/thiet-bi-cap-khi-tuoi-phu-tro,Not found (404)
"4/16/26, 9:10 PM",https://dienmayelc.com.vn/ma-loi-may-lanh-lg,Not found (404)
"4/16/26, 8:54 PM",https://dienmayelc.com.vn/he-thong-cap-gio-tuoi-menred-giai-phap-huu-ich-cho-bao-ve-moi-truong-va-giam-khi-nha-kinh,Not found (404)
"4/16/26, 8:21 PM",https://dienmayelc.com.vn/ve-sinh-may-lanh-dinh-ky-cho-khong-gian-tuoi-mat,Not found (404)
"4/16/26, 8:04 PM",https://dienmayelc.com.vn/danh-muc/he-thong-dieu-hoa-khong-khi/page/5?swoof=1&hang_sx=daikin&really_curr_tax=86-product_cat,Not found (404)
"4/16/26, 7:19 PM",https://dienmayelc.com.vn/thiet-ke-cung-cap-thi-cong-lap-dat/page/3,Not found (404)
"4/16/26, 7:11 PM",https://dienmayelc.com.vn/san-pham/may-say-thong-hoi-electrolux-8-5-kg-eds854j3wb,Not found (404)
"4/16/26, 7:04 PM",https://dienmayelc.com.vn/wp-content/uploads/2024/02/DONG-HANH-CUNG-BAN-TAO-DUNG-KHONG-GIAN-TRONG-LANH-2-4.png,Not found (404)
"4/16/26, 5:56 PM",https://dienmayelc.com.vn/cung-cap-va-thi-cong-he-thong-loc-khong-khi/z3527965274590_48a8c59b3bad30d243bbf2f867591a5f,Not found (404)
"4/16/26, 3:52 PM",https://dienmayelc.com.vn/huong-dan-su-dung-dieu-khien-dieu-hoa-daikin,Not found (404)
"4/16/26, 3:02 PM",https://dienmayelc.com.vn/tu-mat,Not found (404)
"4/16/26, 2:25 PM",https://dienmayelc.com.vn/cong-nghe-nanoe-g-la-gi-tam-anh-huong-trong-thoi-dai-5-0,Not found (404)
"4/16/26, 1:47 PM",https://dienmayelc.com.vn/chung-cu-khang-gia-nghiem-thu-hoan-thanh,Not found (404)
"4/16/26, 1:17 PM",https://dienmayelc.com.vn/may-giat,Not found (404)
"4/16/26, 12:55 PM",https://dienmayelc.com.vn/may-lanh-tcl-co-tot-khong,Not found (404)
"4/16/26, 12:47 PM",https://dienmayelc.com.vn/san-pham/tu-lanh-panasonic-inverter-306-lit-nr-tv341vgmv,Not found (404)
"4/16/26, 12:38 PM",https://dienmayelc.com.vn/he-thong-cap-khi-tuoi/may-loc-khong-khi,Not found (404)
"4/16/26, 12:38 PM","https://dienmayelc.com.vn/he-thong-dieu-hoa-khong-khi/san-pham-cu-da-qua-su-dung?utm_source&utm_medium=ELC__Hcm,%C4%90N,BD_HieuHNT__01_01&utm_campaign=Hcm,%C4%90N,BD",Not found (404)
"4/16/26, 12:34 PM","https://dienmayelc.com.vn/danh-muc/he-thong-cap-khi-tuoi/may-loc-khong-khi?utm_source=Search&utm_medium=ELC_Search_Hcm,%C4%90N,BD_Ngocy_23.06.2025_01_01&utm_campaign=Hcm,%C4%90N,BD",Not found (404)
"4/16/26, 12:11 PM",https://dienmayelc.com.vn/may-lanh-gia-re-duoi-5-trieu,Not found (404)
"4/16/26, 11:46 AM",https://dienmayelc.com.vn/san-pham/dieu-hoa-ap-tran-daikin-fhnq48mv1-rnq48my1-48000btu-3-pha,Not found (404)
"4/16/26, 11:21 AM",https://dienmayelc.com.vn/san-pham/may-giat-sharp-11-kg-es-w110hv-s,Not found (404)
"4/16/26, 11:21 AM",https://dienmayelc.com.vn/san-pham/tu-dong-alaska-500-lit-bcd-5068n,Not found (404)
"4/16/26, 11:19 AM","https://dienmayelc.com.vn/danh-muc/he-thong-cap-khi-tuoi/may-loc-khong-khi?utm_source=PMAX&utm_medium=ELC_PMAX_Hcm,%C4%90N,BD_Ngocy_23.06.2025_01_01&utm_campaign=Hcm,%C4%90N,BD",Not found (404)
"4/16/26, 11:02 AM",https://dienmayelc.com.vn/san-pham/tu-lanh-casper-inverter-463-lit-rm-522vbw,Not found (404)
"4/16/26, 10:56 AM",https://dienmayelc.com.vn/san-pham/may-say-panasonic-8-kg-nh-e80ja1wvt,Not found (404)
"4/16/26, 10:31 AM",https://dienmayelc.com.vn/he-thong-cap-gio-tuoi-2-chieu-cho-khu-xu-ly-rac-thai,Not found (404)
"4/16/26, 9:52 AM",https://dienmayelc.com.vn/tag/giai-phap-huu-ich-cho-bao-ve-moi-truong-va-giam-khi-nha-kinh,Not found (404)
"4/16/26, 9:52 AM",https://dienmayelc.com.vn/san-pham/noi-chien-khong-dau-smart-plus-nagakawa-nag3303,Not found (404)
"4/16/26, 8:37 AM",https://dienmayelc.com.vn/san-pham/tu-mat-alaska-inverter-300-lit-lc-533hi,Not found (404)
"4/16/26, 8:00 AM",https://dienmayelc.com.vn/cach-hen-gio-dieu-hoa-lg,Not found (404)
"4/16/26, 7:52 AM",https://dienmayelc.com.vn/thiet-ke-cung-cap-thi-cong-lap-dat/he-thong-loc-cap-khi-tuoi,Not found (404)
"4/16/26, 7:36 AM","https://dienmayelc.com.vn/danh-muc/he-thong-cap-khi-tuoi/may-loc-khong-khi?utm_source=GDN&utm_medium=ELC_GDN_Hcm,%C4%90N,BD_Ngocy_23.06.2025_01_01&utm_campaign=Hcm,%C4%90N,BD",Not found (404)
"4/15/26, 10:24 PM",https://dienmayelc.com.vn/moi-chat-lanh-la-gi,Not found (404)
"4/15/26, 10:15 PM",https://dienmayelc.com.vn/san-pham/dieu-hoa-daikin-loại-ap-tran-tieu-chuan-inverter-dieu-khien-day,Not found (404)
"4/15/26, 10:12 PM",https://dienmayelc.com.vn/thiet-ke-he-thong-loc-khong-khi-thu-hoi-nhiet-hai-chieu-mr-quoc-viet-the-river-thu-thiem-q-2-tp-hcm2,Not found (404)
"4/15/26, 9:57 PM",https://dienmayelc.com.vn/ve-chung-toi,Not found (404)
"4/15/26, 9:44 PM",https://dienmayelc.com.vn/dich-vu-bao-tri-may-lanh,Not found (404)
"4/15/26, 9:34 PM",https://dienmayelc.com.vn/dich-vu-bao-tri-bao-duong,Not found (404)
"4/15/26, 9:26 PM",https://dienmayelc.com.vn/may-lanh-am-tran-noi-ong-gio,Not found (404)
"4/15/26, 9:17 PM",https://dienmayelc.com.vn/cong-trinh-thong-loc-khong-khi-trung-tam-cho-can-ho-o-khu-do-thi-senturia-vuon-lai-an-phu-dong-q12,Not found (404)
"4/15/26, 9:08 PM",https://dienmayelc.com.vn/he-thong-cap-gio-tuoi-menred-giai-phap-huu-ich-cho-bao-ve-moi-truong-va-giam-khi-nha-kinh,Not found (404)
"4/15/26, 8:59 PM",https://dienmayelc.com.vn/dieu-hoa-khong-mat,Not found (404)
"4/15/26, 8:50 PM",https://dienmayelc.com.vn/robot-hut-bui-2,Not found (404)
"4/15/26, 8:41 PM",https://dienmayelc.com.vn/he-thong-dieu-hoa-khong-khi/may-lanh-treo-tuong,Not found (404)
"4/15/26, 8:32 PM",https://dienmayelc.com.vn/dieu-hoa-treo-tuong-am-tran-nha-pho-tiet-kiem,Not found (404)
"4/15/26, 8:24 PM",https://dienmayelc.com.vn/he-thong-dieu-hoa-khong-khi/may-lanh-giau-tran-noi-ong-gio,Not found (404)
"4/15/26, 8:15 PM",https://dienmayelc.com.vn/he-thong-cap-khi-tuoi/may-cap-khi-tuoi,Not found (404)
"4/15/26, 8:06 PM",https://dienmayelc.com.vn/ve-sinh-may-lanh-dinh-ky-cho-khong-gian-tuoi-mat,Not found (404)
"4/15/26, 7:27 PM",https://dienmayelc.com.vn/dieu-khien-dieu-hoa-bang-dien-thoai,Not found (404)
"4/15/26, 7:11 PM",https://dienmayelc.com.vn/he-thong-cap-khi-tuoi/thiet-bi-cap-khi-tuoi-phu-tro,Not found (404)
"4/15/26, 7:02 PM",https://dienmayelc.com.vn/danh-muc/he-thong-dieu-hoa-khong-khi/page/5?swoof=1&hang_sx=daikin&really_curr_tax=86-product_cat,Not found (404)
"4/15/26, 6:54 PM",https://dienmayelc.com.vn/he-thong-thong-gio-nha-xuong,Not found (404)
"4/15/26, 6:46 PM",https://dienmayelc.com.vn/cau-lac-bo-bida-hoang-sao-tai-324-tan-ky-tan-quy,Not found (404)
"4/15/26, 6:37 PM",https://dienmayelc.com.vn/san-pham/tu-mat-alaska-550-lit-lc-933c,Not found (404)
"4/15/26, 6:37 PM",https://dienmayelc.com.vn/wp-content/uploads/2023/03/6-5-220x220.png,Not found (404)
"4/15/26, 6:29 PM",https://dienmayelc.com.vn/san-pham/may-say-thong-hoi-electrolux-8-5-kg-eds854j3wb,Not found (404)
"4/15/26, 6:21 PM",https://dienmayelc.com.vn/san-pham/may-cap-gio-tuoi-thu-hoi-nhiet-luu-luong-450m3-h-menred,Not found (404)
"4/15/26, 6:09 PM",https://dienmayelc.com.vn/wp-content/uploads/2023/07/z4499545366133_d9956882d54d14bad2e7d949c4f5da95-1-300x400.jpg,Not found (404)
"4/15/26, 5:54 PM",https://dienmayelc.com.vn/may-lanh-mo-24-24-bao-nhieu-tien,Not found (404)
"4/15/26, 5:51 PM",https://dienmayelc.com.vn/wp-content/uploads/2023/05/award-400x400.png,Not found (404)
"4/15/26, 5:48 PM",https://dienmayelc.com.vn/thiet-ke-cung-cap-thi-cong-lap-dat/cap-khi-tuoi,Not found (404)
"4/15/26, 5:30 PM",https://dienmayelc.com.vn/tai-sao-ve-sinh-may-lanh-xong-khong-lanh-va-cach-khac-phuc,Not found (404)
"4/15/26, 5:03 PM",https://dienmayelc.com.vn/wp-content/uploads/2023/06/cach-ve-sinh-dieu-hoa-5.jpg,Not found (404)
"4/15/26, 4:43 PM",https://dienmayelc.com.vn/wp-content/uploads/2023/03/3.png,Not found (404)
"4/15/26, 4:24 PM",https://dienmayelc.com.vn/wp-content/uploads/2023/06/cach-ve-sinh-dieu-hoa-22.jpg,Not found (404)
"4/15/26, 4:05 PM",https://dienmayelc.com.vn/wp-content/uploads/2023/06/cach-ve-sinh-dieu-hoa-21-570x400.jpg,Not found (404)
"4/15/26, 4:03 PM",https://dienmayelc.com.vn/san-pham/dieu-hoa-daikin-loại-noi-ong-gio-tieu-chuan-inverter-dieu-khien-khong-day-2?add-to-cart=3068,Not found (404)
"4/15/26, 3:57 PM",https://dienmayelc.com.vn/wp-content/uploads/2023/05/Group.png,Not found (404)
"4/15/26, 3:17 PM",https://dienmayelc.com.vn/vrv-la-gi,Not found (404)
"4/15/26, 3:07 PM",https://dienmayelc.com.vn/san-pham/dieu-hoa-daikin-am-tran-dieu-khien-day-6?add-to-cart=3150,Not found (404)
"4/15/26, 2:41 PM",https://dienmayelc.com.vn/huong-dan-su-dung-dieu-khien-dieu-hoa-daikin,Not found (404)
"4/15/26, 12:47 PM",https://dienmayelc.com.vn/wp-content/uploads/2023/05/Group.png,Not found (404)
"4/15/26, 12:45 PM",https://dienmayelc.com.vn/cach-mo-may-lanh-khong-can-remote,Not found (404)
"4/15/26, 12:29 PM",https://dienmayelc.com.vn/tin-tuc,Not found (404)
"4/15/26, 12:27 PM",https://dienmayelc.com.vn/cach-hen-gio-dieu-hoa,Not found (404)
"4/15/26, 12:09 PM",https://dienmayelc.com.vn/may-lanh-tcl-co-tot-khong,Not found (404)
"4/15/26, 12:08 PM",https://dienmayelc.com.vn/may-lanh-gia-re-duoi-5-trieu,Not found (404)
"4/15/26, 11:49 AM",https://dienmayelc.com.vn/san-pham/dieu-hoa-ap-tran-daikin-fhnq48mv1-rnq48my1-48000btu-3-pha,Not found (404)
"4/15/26, 11:38 AM",https://dienmayelc.com.vn/bat-mi-quy-trinh-ve-sinh-may-lanh-cong-nghiep-dat-chuan,Not found (404)
"4/15/26, 11:28 AM",https://dienmayelc.com.vn/lap-dat-he-thong-loc-khong-khi-cong-ty-xay-dung-bmt,Not found (404)
"4/15/26, 11:17 AM",https://dienmayelc.com.vn/san-pham/tu-dong-alaska-372-lit-bcd-5568c,Not found (404)
"4/15/26, 11:06 AM",https://dienmayelc.com.vn/chung-cu-khang-gia-nghiem-thu-hoan-thanh,Not found (404)
"4/15/26, 10:56 AM",https://dienmayelc.com.vn/tin-tuc/page/12,Not found (404)
"4/15/26, 10:53 AM",https://dienmayelc.com.vn/san-pham/dieu-hoa-daikin-loại-noi-ong-gio-tieu-chuan-inverter-dieu-khien-khong-day-2?add-to-cart=3068,Not found (404)
"4/15/26, 10:49 AM",https://dienmayelc.com.vn/thiet-ke-he-thong-dhkk-vrv-giau-tran-noi-ong-gio-he-thong-loc-cap-khi-tuoi-hoi-nhiet-quan-karaoke-cao-cap-quan-7-tp-hcm,Not found (404)
"4/15/26, 10:45 AM",https://dienmayelc.com.vn/may-giat,Not found (404)
"4/15/26, 10:34 AM",https://dienmayelc.com.vn/san-pham/may-say-panasonic-8-kg-nh-e80ja1wvt,Not found (404)
"4/15/26, 10:23 AM",https://dienmayelc.com.vn/san-pham/tu-lanh-panasonic-inverter-306-lit-nr-tv341vgmv,Not found (404)
"4/15/26, 10:13 AM",https://dienmayelc.com.vn/sensor-la-gi,Not found (404)
"4/15/26, 10:08 AM",https://dienmayelc.com.vn/san-pham/tu-dong-alaska-471-lit-bcd-6567n,Not found (404)
"4/15/26, 10:02 AM",https://dienmayelc.com.vn/wp-content/uploads/2023/03/13.png,Not found (404)
"4/15/26, 10:02 AM",https://dienmayelc.com.vn/so-do-he-thong-lanh-2-cap-nen,Not found (404)
"4/15/26, 9:51 AM",https://dienmayelc.com.vn/he-thong-cap-gio-tuoi-2-chieu-cho-khu-xu-ly-rac-thai,Not found (404)
"4/15/26, 9:33 AM",https://dienmayelc.com.vn/san-pham/may-giat-sharp-11-kg-es-w110hv-s,Not found (404)
"4/15/26, 9:14 AM",https://dienmayelc.com.vn/san-pham/noi-chien-khong-dau-smart-plus-nagakawa-nag3303,Not found (404)
"4/15/26, 8:53 AM",https://dienmayelc.com.vn/san-pham/tu-dong-alaska-500-lit-bcd-5068n,Not found (404)
"4/15/26, 8:53 AM",https://dienmayelc.com.vn/vi-tri-ong-thoat-nuoc-may-lanh-cach-chon-giup-bao-ve-suc-khoe,Not found (404)
"4/15/26, 8:36 AM",https://dienmayelc.com.vn/cong-nghe-nanoe-g-la-gi-tam-anh-huong-trong-thoi-dai-5-0,Not found (404)
"4/15/26, 8:18 AM",https://dienmayelc.com.vn/cach-hen-gio-dieu-hoa-lg,Not found (404)
"4/15/26, 8:05 AM",https://dienmayelc.com.vn/wp-content/uploads/2023/06/cach-ve-sinh-dieu-hoa-8.jpg,Not found (404)
"4/15/26, 8:00 AM",https://dienmayelc.com.vn/huong-dan-ve-sinh-may-lanh-tai-nha-dung-cach,Not found (404)
"4/15/26, 7:21 AM",https://dienmayelc.com.vn/cach-su-dung-remote-may-lanh,Not found (404)
"4/15/26, 7:06 AM","https://dienmayelc.com.vn/danh-muc/he-thong-cap-khi-tuoi/may-loc-khong-khi?utm_source=GDN&utm_medium=ELC_GDN_Hcm,%C4%90N,BD_Ngocy_23.06.2025_01_01&utm_campaign=Hcm,%C4%90N,BD",Not found (404)
"4/15/26, 6:56 AM",https://dienmayelc.com.vn/moi-chat-lanh-la-gi,Not found (404)
"4/15/26, 6:50 AM",https://dienmayelc.com.vn/app-dieu-khien-dieu-hoa?gad_source=1&gad_campaignid=22661772632&gbraid=0AAAAAoVK2slZ8ibDlfnegI_uc9WNbDR6W&gclid=EAIaIQobChMIt96fyKHGjgMVnqlmAh30SAdVEAAYASAAEgLmWfD_BwE,Not found (404)
"4/15/26, 5:07 AM",https://dienmayelc.com.vn/tu-mat,Not found (404)
"4/15/26, 12:41 AM",https://dienmayelc.com.vn/nhiet-do-may-lanh-cho-tre-so-sinh,Not found (404)
"4/14/26, 10:11 PM",https://dienmayelc.com.vn/nhiet-do-may-lanh-bao-nhieu-la-lanh-nhat,Not found (404)
"4/14/26, 7:09 PM",https://dienmayelc.com.vn/ve-sinh-may-lanh-dinh-ky-cho-khong-gian-tuoi-mat,Not found (404)
"4/14/26, 5:54 PM",https://dienmayelc.com.vn/tin-tuc/page/7,Not found (404)
"4/14/26, 5:49 PM","https://dienmayelc.com.vn/he-thong-cap-khi-tuoi/may-loc-khong-khi?utm_source=PMAX&utm_medium=ELC_PMAX_Hcm,%C4%90N,BD_Ngocy_04.08.2025_01_01&utm_campaign=Hcm,%C4%90N,BD",Not found (404)
"4/14/26, 4:39 PM",https://dienmayelc.com.vn/may-lanh-keu-to,Not found (404)
"4/14/26, 4:09 PM",https://dienmayelc.com.vn/may-lanh-am-tran-noi-ong-gio,Not found (404)
"4/14/26, 3:39 PM",https://dienmayelc.com.vn/dich-vu-bao-tri-bao-duong,Not found (404)
"4/14/26, 3:09 PM",https://dienmayelc.com.vn/san-pham/may-say-thong-hoi-electrolux-8-5-kg-eds854j3wb,Not found (404)
"4/14/26, 2:39 PM",https://dienmayelc.com.vn/app-dieu-khien-dieu-hoa,Not found (404)
"4/14/26, 2:17 PM",https://dienmayelc.com.vn/he-thong-dieu-hoa-khong-khi/may-lanh-treo-tuong,Not found (404)
"4/14/26, 2:08 PM",https://dienmayelc.com.vn/apple-app-site-association,Not found (404)
"4/14/26, 2:06 PM",https://dienmayelc.com.vn/cong-trinh-thong-loc-khong-khi-trung-tam-cho-can-ho-o-khu-do-thi-senturia-vuon-lai-an-phu-dong-q12,Not found (404)
"4/14/26, 1:57 PM",https://dienmayelc.com.vn/.well-known/apple-app-site-association,Not found (404)
"4/14/26, 1:56 PM",https://dienmayelc.com.vn/dieu-khien-dieu-hoa-bang-dien-thoai,Not found (404)
"4/14/26, 1:45 PM",https://dienmayelc.com.vn/dieu-hoa-khong-mat,Not found (404)
"4/14/26, 1:34 PM",https://dienmayelc.com.vn/he-thong-dieu-hoa-khong-khi/may-lanh-giau-tran-noi-ong-gio,Not found (404)
"4/14/26, 1:24 PM",https://dienmayelc.com.vn/robot-hut-bui-2,Not found (404)
"4/14/26, 1:15 PM",https://dienmayelc.com.vn/wp-content/uploads/2023/06/cach-hen-gio-dieu-hoa-0-533x400.jpg,Not found (404)
"4/14/26, 1:13 PM",https://dienmayelc.com.vn/san-pham/tu-dong-sanaky-175-lit-vh-225a2,Not found (404)
"4/14/26, 12:55 PM",https://dienmayelc.com.vn/cach-mo-may-lanh-khong-can-remote,Not found (404)
"4/14/26, 12:38 PM",https://dienmayelc.com.vn/huong-dan-su-dung-dieu-khien-dieu-hoa-daikin,Not found (404)
"4/14/26, 12:33 PM",https://dienmayelc.com.vn/wp-content/uploads/2024/02/DONG-HANH-CUNG-BAN-TAO-DUNG-KHONG-GIAN-TRONG-LANH-2-4.png,Not found (404)
"4/14/26, 12:33 PM",https://dienmayelc.com.vn/_next/static/chunks/031alrw_wnhn1.css,Not found (404)
"4/14/26, 12:33 PM",https://dienmayelc.com.vn/_next/static/chunks/0d3shmwh5_nmn.js,Not found (404)
"4/14/26, 12:33 PM",https://dienmayelc.com.vn/_next/static/chunks/0dgq26a5_oy.a.js,Not found (404)
"4/14/26, 12:33 PM",https://dienmayelc.com.vn/_next/static/chunks/0j5x_jm5i8h_i.js,Not found (404)
"4/14/26, 12:33 PM",https://dienmayelc.com.vn/_next/static/chunks/turbopack-01jrhz3kjiv~k.js,Not found (404)
"4/14/26, 12:33 PM",https://dienmayelc.com.vn/_next/static/chunks/16g.ca89g7fib.js,Not found (404)
"4/14/26, 12:33 PM",https://dienmayelc.com.vn/_next/static/chunks/0257pdz1-imal.js,Not found (404)
"4/14/26, 12:17 PM",https://dienmayelc.com.vn/may-lanh-gia-re-duoi-5-trieu,Not found (404)
"4/14/26, 11:50 AM",https://dienmayelc.com.vn/wp-content/uploads/2023/08/unnamed-1-46-247x296.webp,Not found (404)
"4/14/26, 11:49 AM",https://dienmayelc.com.vn/san-pham/may-cap-gio-tuoi-thu-hoi-nang-luong-menred-et-700,Not found (404)
"4/14/26, 11:40 AM",https://dienmayelc.com.vn/san-pham/dieu-hoa-daikin-loại-noi-ong-gio-tieu-chuan-inverter-dieu-khien-khong-day-2,Not found (404)
"4/14/26, 11:05 AM",https://dienmayelc.com.vn/chinh-sach-doi-tra-va-hoan-tien,Not found (404)
"4/14/26, 11:02 AM",https://dienmayelc.com.vn/he-thong-thong-gio-nha-xuong,Not found (404)
"4/14/26, 10:35 AM",https://dienmayelc.com.vn/wp-content/uploads/2023/08/unnamed-2-24-247x296.webp,Not found (404)
"4/14/26, 10:03 AM",https://dienmayelc.com.vn/may-lanh-tcl-co-tot-khong,Not found (404)
"4/14/26, 9:57 AM",https://dienmayelc.com.vn/san-pham/dieu-hoa-daikin-air-loai-tu-dung-inverter-dieu-khien-day-2?add-to-cart=3056,Not found (404)
"4/14/26, 8:26 AM",https://dienmayelc.com.vn/test-trang-moi,Not found (404)
"4/14/26, 8:11 AM",https://dienmayelc.com.vn/san-pham/dieu-hoa-treo-tuong-daikin-tieu-chuan-inverter,Not found (404)
"4/14/26, 6:48 AM",https://dienmayelc.com.vn/wp-content/uploads/2023/08/unnamed-3-16-247x296.webp,Not found (404)
"4/14/26, 6:22 AM",https://dienmayelc.com.vn/cong-trinh-thi-cong-he-thong-dhkk-cho-cua-hang-mobifone-to-hien-thanh-quan-10,Not found (404)
"4/14/26, 5:52 AM","https://dienmayelc.com.vn/he-thong-dieu-hoa-khong-khi/san-pham-cu-da-qua-su-dung?utm_source&utm_medium=ELC__Hcm,%C4%90N,BD_Ngocy__01_01&utm_campaign=Hcm,%C4%90N,BD",Not found (404)
"4/14/26, 5:09 AM",https://dienmayelc.com.vn/san-pham/dieu-hoa-daikin-loại-ap-tran-tieu-chuan-inverter-dieu-khien-day,Not found (404)
"4/14/26, 2:15 AM",https://dienmayelc.com.vn/thiet-ke-cung-cap-thi-cong-lap-dat/he-thong-loc-cap-khi-tuoi,Not found (404)
"4/14/26, 1:01 AM",https://dienmayelc.com.vn/tag/giai-phap-huu-ich-cho-bao-ve-moi-truong-va-giam-khi-nha-kinh,Not found (404)
"4/14/26, 12:59 AM",https://dienmayelc.com.vn/may-lanh-bi-hu-cam-bien-nhiet-do,Not found (404)
"4/14/26, 12:58 AM",https://dienmayelc.com.vn/huong-dan-su-dung-dieu-khien-dieu-hoa-mitsubishi,Not found (404)
"4/14/26, 12:32 AM",https://dienmayelc.com.vn/toa-nha-sai-gon-medic305-dien-bien-phu,Not found (404)
"4/13/26, 11:55 PM",https://dienmayelc.com.vn/ve-sinh-may-lanh-ap-tran-bao-dam-suc-khoe-gia-dinh,Not found (404)
"4/13/26, 11:17 PM",https://dienmayelc.com.vn/san-pham/may-giat-sharp-11-kg-es-w110hv-s,Not found (404)
"4/13/26, 10:52 PM",https://dienmayelc.com.vn/cach-hen-gio-dieu-hoa,Not found (404)
"4/13/26, 10:15 PM",https://dienmayelc.com.vn/san-pham/noi-chien-khong-dau-smart-plus-nagakawa-nag3303,Not found (404)
"4/13/26, 9:22 PM",https://dienmayelc.com.vn/cach-hen-gio-dieu-hoa-lg,Not found (404)
"4/13/26, 9:07 PM",https://dienmayelc.com.vn/san-pham/dieu-hoa-daikin-am-tran-dieu-khien-khong-day,Not found (404)
"4/13/26, 8:57 PM",https://dienmayelc.com.vn/he-thong-cap-gio-tuoi-2-chieu-cho-khu-xu-ly-rac-thai,Not found (404)
"4/13/26, 8:54 PM",https://dienmayelc.com.vn/san-pham/dieu-hoa-daikin-am-tran-dieu-khien-khong-day-2?add-to-cart=3155,Not found (404)
"4/13/26, 8:45 PM",https://dienmayelc.com.vn/cong-nghe-nanoe-g-la-gi-tam-anh-huong-trong-thoi-dai-5-0,Not found (404)
"4/13/26, 8:39 PM",https://dienmayelc.com.vn/cach-su-dung-remote-may-lanh,Not found (404)
"4/13/26, 8:37 PM",https://dienmayelc.com.vn/Phone,Not found (404)
"4/13/26, 8:22 PM",https://dienmayelc.com.vn/tag/cac-loai-loi-loc-cartridge-pho-bien/feed,Not found (404)
"4/13/26, 8:21 PM",https://dienmayelc.com.vn/sensor-la-gi,Not found (404)
"4/13/26, 8:04 PM",https://dienmayelc.com.vn/tin-tuc,Not found (404)
"4/13/26, 7:53 PM",https://dienmayelc.com.vn/nhiet-do-may-lanh-cho-tre-so-sinh,Not found (404)
"4/13/26, 7:53 PM",https://dienmayelc.com.vn/san-pham/dieu-hoa-daikin-am-tran-dieu-khien-khong-day-8,Not found (404)
"4/13/26, 7:46 PM",https://dienmayelc.com.vn/san-pham/tu-mat-sanaky-1400-lit-vh-1520hp,Not found (404)
"4/13/26, 7:33 PM",https://dienmayelc.com.vn/gioi-thieu,Not found (404)
"4/13/26, 7:25 PM",https://dienmayelc.com.vn/san-pham/tu-dong-alaska-550-lit-hb-550n,Not found (404)
"4/13/26, 7:11 PM",https://dienmayelc.com.vn/ve-sinh-may-lanh-dinh-ky-cho-khong-gian-tuoi-mat,Not found (404)
"4/13/26, 6:57 PM",https://dienmayelc.com.vn/he-thong-cap-gio-tuoi-menred-giai-phap-huu-ich-cho-bao-ve-moi-truong-va-giam-khi-nha-kinh,Not found (404)
"4/13/26, 6:57 PM",https://dienmayelc.com.vn/vi-tri-ong-thoat-nuoc-may-lanh-cach-chon-giup-bao-ve-suc-khoe,Not found (404)
"4/13/26, 6:44 PM",https://dienmayelc.com.vn/dich-vu-bao-tri-may-lanh,Not found (404)
"4/13/26, 5:37 PM",https://dienmayelc.com.vn/san-pham/may-cap-gio-tuoi-thu-hoi-nhiet-net-350-pro-menred,Not found (404)
"4/13/26, 5:26 PM",https://dienmayelc.com.vn/wp-content/uploads/2023/08/tu-dong-sanaky-vh-568hy2-5_1-667x400.jpg,Not found (404)
"4/13/26, 5:21 PM","https://dienmayelc.com.vn/he-thong-cap-khi-tuoi/may-loc-khong-khi?utm_source=PMAX&utm_medium=ELC_PMAX_Hcm,%C4%90N,BD_Ngocy_04.08.2025_01_01&utm_campaign=Hcm,%C4%90N,BD",Not found (404)
"4/13/26, 5:11 PM",https://dienmayelc.com.vn/app-dieu-khien-dieu-hoa?gad_source=1&gad_campaignid=22661772632&gbraid=0AAAAAoVK2slZ8ibDlfnegI_uc9WNbDR6W&gclid=EAIaIQobChMIt96fyKHGjgMVnqlmAh30SAdVEAAYASAAEgLmWfD_BwE,Not found (404)
"4/13/26, 4:59 PM",https://dienmayelc.com.vn/san-pham/may-giat-lg-inverter-9-kg-fv1409s4w,Not found (404)
"4/13/26, 4:53 PM",https://dienmayelc.com.vn/thi-cong-lap-dat,Not found (404)
"4/13/26, 4:11 PM",https://dienmayelc.com.vn/wp-content/uploads/2024/01/may-lanh-daikin-400x400.jpg,Not found (404)
"4/13/26, 3:52 PM",https://dienmayelc.com.vn/may-lanh-am-tran-noi-ong-gio,Not found (404)
"4/13/26, 3:31 PM",https://dienmayelc.com.vn/top-3-cong-nghe-loc-khong-khi-giup-bao-ve-he-ho-hap,Not found (404)
"4/13/26, 3:10 PM",https://dienmayelc.com.vn/app-dieu-khien-dieu-hoa,Not found (404)
"4/13/26, 2:55 PM",https://dienmayelc.com.vn/cach-bom-ga-may-lanh,Not found (404)
"4/13/26, 2:48 PM",https://dienmayelc.com.vn/dich-vu-bao-tri-bao-duong,Not found (404)
"4/13/26, 2:05 PM",https://dienmayelc.com.vn/san-pham/dieu-hoa-daikin-loại-noi-ong-gio-tieu-chuan-inverter-dieu-khien-khong-day,Not found (404)
"4/13/26, 2:03 PM",https://dienmayelc.com.vn/dieu-khien-dieu-hoa-bang-dien-thoai,Not found (404)
"4/13/26, 1:54 PM",https://dienmayelc.com.vn/cong-trinh-thong-loc-khong-khi-trung-tam-cho-can-ho-o-khu-do-thi-senturia-vuon-lai-an-phu-dong-q12,Not found (404)
"4/13/26, 1:52 PM",https://dienmayelc.com.vn/huong-dan-su-dung-dieu-khien-dieu-hoa-panasonic,Not found (404)
"4/13/26, 1:44 PM",https://dienmayelc.com.vn/san-pham/tu-dong-alaska-500-lit-bcd-5068n,Not found (404)
"4/13/26, 1:40 PM",https://dienmayelc.com.vn/san-pham/dieu-hoa-daikin-am-tran-dieu-khien-day-6?add-to-cart=3150,Not found (404)
"4/13/26, 1:15 PM",https://dienmayelc.com.vn/wp-content/uploads/2023/03/6-4-100x100.png,Not found (404)
"4/13/26, 1:02 PM",https://dienmayelc.com.vn/danh-muc/he-thong-dieu-hoa-khong-khi/page/5?swoof=1&hang_sx=daikin&really_curr_tax=86-product_cat,Not found (404)
"4/13/26, 12:54 PM",https://dienmayelc.com.vn/he-thong-cap-khi-tuoi/thiet-bi-cap-khi-tuoi-phu-tro,Not found (404)
"4/13/26, 12:46 PM",https://dienmayelc.com.vn/dieu-hoa-treo-tuong-am-tran-nha-pho-tiet-kiem,Not found (404)
"4/13/26, 12:37 PM",https://dienmayelc.com.vn/cach-mo-may-lanh-khong-can-remote,Not found (404)
"4/13/26, 12:18 PM",https://dienmayelc.com.vn/dieu-hoa-khong-mat,Not found (404)
"4/13/26, 12:07 PM",https://dienmayelc.com.vn/cau-lac-bo-bida-hoang-sao-tai-324-tan-ky-tan-quy,Not found (404)
"4/13/26, 11:59 AM",https://dienmayelc.com.vn/may-lanh-gia-re-duoi-5-trieu,Not found (404)
"4/13/26, 11:59 AM",https://dienmayelc.com.vn/he-thong-cap-khi-tuoi/may-cap-khi-tuoi,Not found (404)
"4/13/26, 11:40 AM",https://dienmayelc.com.vn/robot-hut-bui-2,Not found (404)
"4/13/26, 11:40 AM",https://dienmayelc.com.vn/he-thong-dieu-hoa-khong-khi,Not found (404)
"4/13/26, 11:22 AM",https://dienmayelc.com.vn/he-thong-dieu-hoa-khong-khi/may-lanh-treo-tuong,Not found (404)
"4/13/26, 11:20 AM",https://dienmayelc.com.vn/san-pham/tu-mat-alaska-550-lit-lc-933c,Not found (404)
"4/13/26, 11:03 AM",https://dienmayelc.com.vn/he-thong-dieu-hoa-khong-khi/may-lanh-giau-tran-noi-ong-gio,Not found (404)
"4/13/26, 10:56 AM",https://dienmayelc.com.vn/chung-cu-khang-gia-nghiem-thu-hoan-thanh,Not found (404)
"4/13/26, 10:46 AM",https://dienmayelc.com.vn/may-giat,Not found (404)
"4/13/26, 10:28 AM",https://dienmayelc.com.vn/so-do-he-thong-lanh-2-cap-nen,Not found (404)
"4/13/26, 10:09 AM",https://dienmayelc.com.vn/may-lanh-1-ngua-la-gi,Not found (404)
"4/13/26, 9:59 AM",https://dienmayelc.com.vn/app-dieu-khien-dieu-hoa,Not found (404)
"4/13/26, 9:41 AM",https://dienmayelc.com.vn/san-pham/tu-lanh-panasonic-inverter-306-lit-nr-tv341vgmv,Not found (404)
"4/13/26, 9:32 AM",https://dienmayelc.com.vn/ma-loi-may-lanh-toshiba,Not found (404)
"4/13/26, 9:22 AM",https://dienmayelc.com.vn/san-pham/may-say-panasonic-8-kg-nh-e80ja1wvt,Not found (404)
"4/13/26, 9:13 AM",https://dienmayelc.com.vn/5-cong-nghe-loc-bui-khu-khuan-tren-may-lanh-daikin,Not found (404)
"4/13/26, 8:50 AM",https://dienmayelc.com.vn/thiet-ke-he-thong-dhkk-vrv-giau-tran-noi-ong-gio-he-thong-loc-cap-khi-tuoi-hoi-nhiet-quan-karaoke-cao-cap-quan-7-tp-hcm,Not found (404)
"4/13/26, 8:40 AM",https://dienmayelc.com.vn/huong-dan-cach-thao-quat-may-lanh-don-gian-tai-nha,Not found (404)
"4/13/26, 8:40 AM",https://dienmayelc.com.vn/vi-tri-lap-dieu-hoa-trong-phong-ngu,Not found (404)
"4/13/26, 8:27 AM",https://dienmayelc.com.vn/he-thong-thong-gio-nha-xuong,Not found (404)
"4/13/26, 8:24 AM",https://dienmayelc.com.vn/app-dieu-khien-dieu-hoa?gad_source=1&gad_campaignid=22661772632&gbraid=0AAAAAoVK2slZ8ibDlfnegI_uc9WNbDR6W&gclid=EAIaIQobChMIt96fyKHGjgMVnqlmAh30SAdVEAAYASAAEgLmWfD_BwE,Not found (404)
"4/13/26, 8:13 AM",https://dienmayelc.com.vn/may-lanh-keu-to,Not found (404)
"4/13/26, 7:46 AM",https://dienmayelc.com.vn/huong-dan-ve-sinh-may-lanh-tai-nha-dung-cach,Not found (404)
"4/13/26, 7:24 AM",https://dienmayelc.com.vn/may-lanh-tcl-co-tot-khong,Not found (404)
"4/13/26, 7:22 AM",https://dienmayelc.com.vn/san-pham/dieu-hoa-treo-tuong-daikin-tieu-chuan-inverter-1-chieu-ftky35wavmv-rky35wavmv,Not found (404)
"4/13/26, 6:51 AM",https://dienmayelc.com.vn/goi-y-chi-tiet-cac-buoc-ve-sinh-mat-than-may-lanh-hieu-qua,Not found (404)
"4/13/26, 6:02 AM",https://dienmayelc.com.vn/san-pham/dieu-hoa-daikin-loại-ap-tran-tieu-chuan-inverter-dieu-khien-day-2,Not found (404)
"4/13/26, 4:43 AM",https://dienmayelc.com.vn/huong-dan-su-dung-dieu-khien-dieu-hoa-daikin,Not found (404)
"4/13/26, 4:21 AM",https://dienmayelc.com.vn/moi-chat-lanh-la-gi,Not found (404)
"4/13/26, 3:47 AM",https://dienmayelc.com.vn/wp-content/uploads/2023/06/9-1.png,Not found (404)
"4/13/26, 3:31 AM",https://dienmayelc.com.vn/eco-la-gi,Not found (404)
"4/13/26, 3:21 AM",https://dienmayelc.com.vn/wp-content/uploads/2023/06/11.png,Not found (404)
"4/13/26, 1:10 AM",https://dienmayelc.com.vn/thiet-ke-he-thong-loc-cap-gio-tuoi-cho-mr-vinh-khang-gia-go-vap,Not found (404)
"4/13/26, 12:35 AM",https://dienmayelc.com.vn/thiet-ke-cung-cap-thi-cong-lap-dat/he-thong-loc-cap-khi-tuoi,Not found (404)
"4/13/26, 12:18 AM",https://dienmayelc.com.vn/toa-nha-sai-gon-medic305-dien-bien-phu,Not found (404)
"4/12/26, 11:56 PM",https://dienmayelc.com.vn/wp-content/uploads/2023/07/may-lanh-aqua-bao-loi-f1-00.jpg,Not found (404)
"4/12/26, 11:36 PM",https://dienmayelc.com.vn/san-pham/may-giat-sharp-11-kg-es-w110hv-s,Not found (404)
"4/12/26, 11:17 PM",https://dienmayelc.com.vn/may-lanh-bi-hu-cam-bien-nhiet-do,Not found (404)
"4/12/26, 11:16 PM",https://dienmayelc.com.vn/tinh-trang-o-nhiem-khong-khi-nang-tai-dong-nam-bo-dau-la-hang-rao-bao-ve-suc-khoe,Not found (404)
"4/12/26, 11:05 PM",https://dienmayelc.com.vn/thiet-ke-cung-cap-thi-cong-lap-dat/he-thong-dieu-hoa,Not found (404)
"4/12/26, 10:28 PM",https://dienmayelc.com.vn/san-pham/noi-chien-khong-dau-smart-plus-nagakawa-nag3303,Not found (404)
"4/12/26, 9:25 PM",https://dienmayelc.com.vn/cach-hen-gio-dieu-hoa-lg,Not found (404)
"4/12/26, 8:23 PM",https://dienmayelc.com.vn/cong-nghe-nanoe-g-la-gi-tam-anh-huong-trong-thoi-dai-5-0,Not found (404)
"4/12/26, 7:58 PM",https://dienmayelc.com.vn/cach-su-dung-remote-may-lanh,Not found (404)
"4/12/26, 7:08 PM",https://dienmayelc.com.vn/he-thong-cap-gio-tuoi-2-chieu-cho-khu-xu-ly-rac-thai,Not found (404)
"4/12/26, 5:40 PM",https://dienmayelc.com.vn/loi-p3-dieu-hoa-casper,Not found (404)
"4/12/26, 12:59 PM",https://dienmayelc.com.vn/app-dieu-khien-dieu-hoa,Not found (404)
"4/12/26, 12:32 PM",https://dienmayelc.com.vn/wp-content/uploads/2024/02/co-che-hoat-dong-cua-loc-khi-tong-507x400.jpg,Not found (404)
"4/12/26, 12:05 PM",https://dienmayelc.com.vn/san-pham/dieu-hoa-ap-tran-daikin-fhnq48mv1-rnq48my1-48000btu-3-pha,Not found (404)
"4/12/26, 11:28 AM",https://dienmayelc.com.vn/cach-mo-may-lanh-khong-can-remote,Not found (404)
"4/12/26, 11:18 AM",https://dienmayelc.com.vn/san-pham/hop-phan-phoi-gio-chuyen-dung-dong-bo-24-vent-menred,Not found (404)
"4/12/26, 10:57 AM",https://dienmayelc.com.vn/may-lanh-gia-re-duoi-5-trieu,Not found (404)
"4/12/26, 10:37 AM",https://dienmayelc.com.vn/ma-loi-may-lanh-toshiba,Not found (404)
"4/12/26, 10:19 AM",https://dienmayelc.com.vn/so-do-he-thong-lanh-2-cap-nen,Not found (404)
"4/12/26, 10:12 AM",https://dienmayelc.com.vn/wp-content/uploads/2023/07/may-lanh-keu-to-00.jpg,Not found (404)
"4/12/26, 10:03 AM",https://dienmayelc.com.vn/cach-chon-he-thong-loc-khong-khi-ma-ban-can-biet,Not found (404)
"4/12/26, 10:03 AM",https://dienmayelc.com.vn/vi-tri-lap-dieu-hoa-trong-phong-ngu,Not found (404)
"4/12/26, 9:26 AM",https://dienmayelc.com.vn/may-lanh-am-tran-noi-ong-gio,Not found (404)
"4/12/26, 9:10 AM",https://dienmayelc.com.vn/loc-bui-tinh-dien-esp-cong-nghe-doi-pho-o-nhiem-khong-khi,Not found (404)
"4/12/26, 8:38 AM",https://dienmayelc.com.vn/wp-content/uploads/2023/07/dieu-hoa-ap-tran-daikin-fhfc60dv1-rzfc60dvmbrc2e61-24000btu-1-chieu-inverter-1.jpeg,Not found (404)
"4/12/26, 8:26 AM",https://dienmayelc.com.vn/wp-content/uploads/2023/07/5cb579bf40c8f_1555397055-631x400.jpg,Not found (404)
"4/12/26, 8:05 AM",https://dienmayelc.com.vn/test-trang-moi,Not found (404)
"4/12/26, 7:54 AM",https://dienmayelc.com.vn/wp-content/uploads/2023/07/may-lanh-ap-tran-daikin-FHNQ.jpg,Not found (404)
"4/12/26, 7:42 AM",https://dienmayelc.com.vn/dieu-khien-dieu-hoa-bang-dien-thoai,Not found (404)
"4/12/26, 7:36 AM",https://dienmayelc.com.vn/huong-dan-cach-thao-quat-may-lanh-don-gian-tai-nha,Not found (404)
"4/12/26, 7:17 AM",https://dienmayelc.com.vn/5-cong-nghe-loc-bui-khu-khuan-tren-may-lanh-daikin,Not found (404)
"4/12/26, 7:07 AM",https://dienmayelc.com.vn/wp-content/uploads/2023/07/dieu-hoa-ap-tran-daikin-thiet-ke-sang-trong-549x400.jpg,Not found (404)
"4/12/26, 6:57 AM",https://dienmayelc.com.vn/san-pham/tu-dong-alaska-500-lit-bcd-5068n,Not found (404)
"4/12/26, 6:52 AM",https://dienmayelc.com.vn/san-pham/may-say-thong-hoi-electrolux-8-5-kg-eds854j3wb,Not found (404)
"4/12/26, 6:16 AM",https://dienmayelc.com.vn/san-pham/dieu-hoa-treo-tuong-daikin-tieu-chuan-inverter,Not found (404)
"4/12/26, 6:07 AM",https://dienmayelc.com.vn/san-pham/dieu-hoa-daikin-loại-noi-ong-gio-tieu-chuan-inverter-dieu-khien-khong-day-2,Not found (404)
"4/12/26, 5:35 AM",https://dienmayelc.com.vn/tin-tuc,Not found (404)
"4/12/26, 4:26 AM",https://dienmayelc.com.vn/dich-vu-bao-tri-bao-duong,Not found (404)
"4/12/26, 3:49 AM",https://dienmayelc.com.vn/he-thong-dieu-hoa-khong-khi/may-lanh-treo-tuong,Not found (404)
"4/12/26, 3:21 AM",https://dienmayelc.com.vn/may-lanh-1-ngua-la-gi,Not found (404)
"4/12/26, 3:17 AM",https://dienmayelc.com.vn/san-pham/noi-chien-khong-dau-smart-plus-nagakawa-nag3303?add-to-cart=6063,Not found (404)
"4/12/26, 3:15 AM",https://dienmayelc.com.vn/he-thong-cap-khi-tuoi/thiet-bi-cap-khi-tuoi-phu-tro,Not found (404)
"4/12/26, 3:10 AM",https://dienmayelc.com.vn/danh-muc/he-thong-dieu-hoa-khong-khi/page/5?swoof=1&hang_sx=daikin&really_curr_tax=86-product_cat,Not found (404)
"4/12/26, 3:05 AM",https://dienmayelc.com.vn/san-pham/dieu-hoa-daikin-loại-ap-tran-tieu-chuan-inverter-dieu-khien-day,Not found (404)
"4/12/26, 1:16 AM",https://dienmayelc.com.vn/san-pham/dieu-hoa-daikin-loại-ap-tran-tieu-chuan-inverter-dieu-khien-day-2,Not found (404)
"4/12/26, 12:59 AM",https://dienmayelc.com.vn/cau-lac-bo-bida-hoang-sao-tai-324-tan-ky-tan-quy,Not found (404)
"4/11/26, 11:50 PM",https://dienmayelc.com.vn/cach-su-dung-remote-may-lanh,Not found (404)
"4/11/26, 11:44 PM",https://dienmayelc.com.vn/ve-sinh-may-lanh-ap-tran-bao-dam-suc-khoe-gia-dinh,Not found (404)
"4/11/26, 10:29 PM",https://dienmayelc.com.vn/may-giat,Not found (404)
"4/11/26, 9:52 PM",https://dienmayelc.com.vn/san-pham/noi-chien-khong-dau-smart-plus-nagakawa-nag3303,Not found (404)
"4/11/26, 9:50 PM",https://dienmayelc.com.vn/danh-muc/may-lanh/may-lanh-am-tran,Not found (404)
"4/11/26, 9:07 PM",https://dienmayelc.com.vn/san-pham/may-giat-sharp-11-kg-es-w110hv-s,Not found (404)
"4/11/26, 9:01 PM",https://dienmayelc.com.vn/wp-content/uploads/2024/01/hinh-dai-dien.png,Not found (404)
"4/11/26, 8:06 PM",https://dienmayelc.com.vn/cong-nghe-nanoe-g-la-gi-tam-anh-huong-trong-thoi-dai-5-0,Not found (404)
"4/11/26, 7:04 PM",https://dienmayelc.com.vn/he-thong-cap-khi-tuoi/may-cap-khi-tuoi/feed,Not found (404)
"4/11/26, 6:36 PM",https://dienmayelc.com.vn/app-dieu-khien-dieu-hoa,Not found (404)
"4/11/26, 6:11 PM",https://dienmayelc.com.vn/san-pham/dieu-hoa-daikin-am-tran-dieu-khien-khong-day-8,Not found (404)
"4/11/26, 5:46 PM",https://dienmayelc.com.vn/san-pham/noi-chien-khong-dau-smart-plus-nagakawa-nag3303?add-to-cart=6210,Not found (404)
"4/11/26, 5:36 PM",https://dienmayelc.com.vn/top-3-cong-nghe-loc-khong-khi-giup-bao-ve-he-ho-hap,Not found (404)
"4/11/26, 5:25 PM",https://dienmayelc.com.vn/he-thong-cap-gio-tuoi-2-chieu-cho-khu-xu-ly-rac-thai,Not found (404)
"4/11/26, 4:32 PM",https://dienmayelc.com.vn/may-lanh-aqua-bao-loi-f1,Not found (404)
"4/11/26, 3:42 PM",https://dienmayelc.com.vn/cach-bom-ga-may-lanh,Not found (404)
"4/11/26, 3:10 PM",https://dienmayelc.com.vn/sensor-la-gi,Not found (404)
"4/11/26, 2:57 PM",https://dienmayelc.com.vn/air-filter-va-loi-ich-khong-ngo-giai-phap-loc-khong-khi-hieu-qua,Not found (404)
"4/11/26, 2:35 PM",https://dienmayelc.com.vn/san-pham/dieu-hoa-daikin-loại-noi-ong-gio-tieu-chuan-inverter-dieu-khien-day-3,Not found (404)
"4/11/26, 2:20 PM",https://dienmayelc.com.vn/wp-content/uploads/2023/12/z4991594759104_0a62962bfce60064d07cb574a7ffa4f6-533x400.jpg,Not found (404)
"4/11/26, 2:12 PM",https://dienmayelc.com.vn/ma-loi-may-lanh-toshiba,Not found (404)
"4/11/26, 1:55 PM",https://dienmayelc.com.vn/wp-content/uploads/2023/10/mck55tvm6-100x100.png,Not found (404)
"4/11/26, 1:17 PM",https://dienmayelc.com.vn/san-pham/android-tivi-tcl-4k-65-inch-65p715?add-to-cart=4250,Not found (404)
"4/11/26, 12:24 PM",https://dienmayelc.com.vn/tai-sao-ve-sinh-may-lanh-xong-khong-lanh-va-cach-khac-phuc,Not found (404)
"4/11/26, 11:30 AM",https://dienmayelc.com.vn/vi-tri-lap-dieu-hoa-trong-phong-ngu,Not found (404)
"4/11/26, 10:58 AM",https://dienmayelc.com.vn/san-pham/dieu-hoa-treo-tuong-daikin-tieu-chuan-inverter-1-chieu-ftky35wavmv-rky35wavmv,Not found (404)
"4/11/26, 9:57 AM",https://dienmayelc.com.vn/may-lanh-gia-re-duoi-5-trieu,Not found (404)
"4/11/26, 9:38 AM",https://dienmayelc.com.vn/he-thong-dieu-hoa-khong-khi/may-lanh-am-tran,Not found (404)
"4/11/26, 9:07 AM",https://dienmayelc.com.vn/loc-bui-tinh-dien-esp-cong-nghe-doi-pho-o-nhiem-khong-khi,Not found (404)
"4/11/26, 8:00 AM",https://dienmayelc.com.vn/hoan-thien-nghiem-thu-ban-giao-he-thong-dieu-hoa-khong-khi-cho-tham-my-vien-aura-tra-vinh,Not found (404)
"4/11/26, 7:27 AM",https://dienmayelc.com.vn/wp-content/uploads/2024/08/bao-duong-dieu-hoa.jpg,Not found (404)
"4/11/26, 6:14 AM",https://dienmayelc.com.vn/goi-y-chi-tiet-cac-buoc-ve-sinh-mat-than-may-lanh-hieu-qua,Not found (404)
"4/11/26, 5:13 AM",https://dienmayelc.com.vn/thiet-ke-he-thong-dhkk-vrv-giau-tran-noi-ong-gio-he-thong-loc-cap-khi-tuoi-hoi-nhiet-quan-karaoke-cao-cap-quan-7-tp-hcm,Not found (404)
"4/11/26, 4:53 AM",https://dienmayelc.com.vn/san-pham/may-say-panasonic-8-kg-nh-e80ja1wvt,Not found (404)
"4/11/26, 4:31 AM",https://dienmayelc.com.vn/san-pham/hop-phan-phoi-gio-chuyen-dung-dong-bo-24-vent-menred,Not found (404)
"4/11/26, 4:19 AM",https://dienmayelc.com.vn/san-pham/tu-dong-alaska-500-lit-bcd-5068n,Not found (404)
"4/11/26, 3:42 AM",https://dienmayelc.com.vn/may-lanh-tcl-co-tot-khong,Not found (404)
"4/11/26, 3:41 AM",https://dienmayelc.com.vn/san-pham/tu-mat-alaska-450-lit-lc-450b?add-to-cart=4109,Not found (404)
"4/11/26, 2:25 AM",https://dienmayelc.com.vn/huong-dan-su-dung-dieu-khien-dieu-hoa-daikin,Not found (404)
"4/11/26, 2:01 AM",https://dienmayelc.com.vn/cach-chon-he-thong-loc-khong-khi-ma-ban-can-biet,Not found (404)
"4/11/26, 1:48 AM","https://dienmayelc.com.vn/danh-muc/he-thong-dieu-hoa-khong-khi/may-lanh-am-tran?utm_source=Search&utm_medium=ELC_Search_Hcm,%C4%90N,BD_Ngocy_1.08.2025_01_01&utm_campaign=Hcm,%C4%90N,BD&gclid=gtm_5ykoVA8kZX6QHSdEnwAhU0v6GZyg&gbraid=gtm_5ykoVA8kZX6QHSdEnwAhU0v6GZyg&wbraid=gtm_5ykoVA8kZX6QHSdEnwAhU0v6GZyg",Not found (404)
"4/10/26, 11:19 PM",https://dienmayelc.com.vn/san-pham/dieu-hoa-daikin-loại-ap-tran-tieu-chuan-inverter-dieu-khien-khong-day-2,Not found (404)
"4/10/26, 11:15 PM",https://dienmayelc.com.vn/nghiem-thu-ban-giao-he-thong-dhkk-va-loc-cap-khi-tuoi-cho-mrs-tham-vuon-lai-tan-phu,Not found (404)
"4/10/26, 10:52 PM",https://dienmayelc.com.vn/san-pham/tu-lanh-panasonic-inverter-306-lit-nr-tv341vgmv,Not found (404)
"4/10/26, 10:48 PM",https://dienmayelc.com.vn/ti-vi,Not found (404)
"4/10/26, 10:35 PM",https://dienmayelc.com.vn/dich-vu-bao-tri-bao-duong,Not found (404)
"4/10/26, 10:08 PM",https://dienmayelc.com.vn/thiet-ke-cung-cap-thi-cong-lap-dat/cap-khi-tuoi,Not found (404)
"4/10/26, 9:58 PM",https://dienmayelc.com.vn/tin-tuc,Not found (404)
"4/10/26, 9:55 PM",https://dienmayelc.com.vn/san-pham/noi-chien-khong-dau-smart-plus-nagakawa-nag3303,Not found (404)
"4/10/26, 9:19 PM",https://dienmayelc.com.vn/danh-muc/may-lanh/may-lanh-am-tran,Not found (404)
"4/10/26, 9:11 PM",https://dienmayelc.com.vn/tinh-trang-o-nhiem-khong-khi-nang-tai-dong-nam-bo-dau-la-hang-rao-bao-ve-suc-khoe,Not found (404)
"4/10/26, 8:38 PM",https://dienmayelc.com.vn/thiet-ke-he-thong-loc-cap-gio-tuoi-cho-mr-vinh-khang-gia-go-vap,Not found (404)
"4/10/26, 8:29 PM",https://dienmayelc.com.vn/san-pham/may-giat-sharp-11-kg-es-w110hv-s,Not found (404)
"4/10/26, 8:21 PM",https://dienmayelc.com.vn/huong-dan-su-dung-dieu-khien-dieu-hoa-panasonic,Not found (404)
"4/10/26, 7:23 PM",https://dienmayelc.com.vn/cach-hen-gio-dieu-hoa-lg,Not found (404)
"4/10/26, 7:06 PM",https://dienmayelc.com.vn/may-giat,Not found (404)
"4/10/26, 6:55 PM",https://dienmayelc.com.vn/huong-dan-su-dung-dieu-khien-dieu-hoa-mitsubishi,Not found (404)
"4/10/26, 6:51 PM",https://dienmayelc.com.vn/nhiet-do-may-lanh-cho-tre-so-sinh,Not found (404)
"4/10/26, 6:36 PM",https://dienmayelc.com.vn/cach-su-dung-remote-may-lanh,Not found (404)
"4/10/26, 6:24 PM",https://dienmayelc.com.vn/cong-nghe-nanoe-g-la-gi-tam-anh-huong-trong-thoi-dai-5-0,Not found (404)
"4/10/26, 6:08 PM",https://dienmayelc.com.vn/san-pham/tu-mat-alaska-550-lit-lc-933c,Not found (404)
"4/10/26, 5:21 PM",https://dienmayelc.com.vn/he-thong-cap-gio-tuoi-2-chieu-cho-khu-xu-ly-rac-thai,Not found (404)
"4/10/26, 4:44 PM",https://dienmayelc.com.vn/kich-thuoc-may-lanh,Not found (404)
"4/10/26, 3:35 PM",https://dienmayelc.com.vn/dieu-hoa-khong-mat,Not found (404)
"4/10/26, 3:20 PM",https://dienmayelc.com.vn/app-dieu-khien-dieu-hoa,Not found (404)
"4/10/26, 3:18 PM",https://dienmayelc.com.vn/chung-cu-khang-gia-nghiem-thu-hoan-thanh,Not found (404)
"4/10/26, 2:51 PM",https://dienmayelc.com.vn/thiet-ke-cung-cap-thi-cong-lap-dat/page/4,Not found (404)
"4/10/26, 2:39 PM",https://dienmayelc.com.vn/cach-bom-ga-may-lanh,Not found (404)
"4/10/26, 2:24 PM",https://dienmayelc.com.vn/air-filter-va-loi-ich-khong-ngo-giai-phap-loc-khong-khi-hieu-qua,Not found (404)